gender,race/ethnicity,parental level of education,lunch,test preparation course,math score,reading score,writing score,total_score,average_score,reading_math_ratio,writing_math_ratio
female,group B,bachelor's degree,standard,none,72,72,74,218,72.66666666666667,0.9999999861111113,1.0277777635030867
female,group C,some college,standard,completed,69,90,88,247,82.33333333333333,1.3043478071833652,1.2753623003570682
female,group B,master's degree,standard,none,90,95,93,278,92.66666666666667,1.0555555438271607,1.0333333218518521
male,group A,associate's degree,free/reduced,none,47,57,44,148,49.333333333333336,1.2127659316432782,0.9361701928474427
male,group C,some college,standard,none,76,78,75,229,76.33333333333333,1.0263157759695294,0.9868420922783936
female,group B,associate's degree,standard,none,71,83,78,232,77.33333333333333,1.1690140680420553,1.0985915338226544
female,group B,some college,standard,completed,88,95,92,275,91.66666666666667,1.0795454422778927,1.0454545335743803
male,group B,some college,free/reduced,none,40,43,39,122,40.666666666666664,1.0749999731250008,0.9749999756250006
male,group D,high school,free/reduced,completed,64,64,67,195,65.0,0.9999999843750003,1.0468749836425784
female,group B,high school,free/reduced,none,38,60,50,148,49.333333333333336,1.5789473268698073,1.3157894390581728
male,group C,associate's degree,standard,none,58,54,52,164,54.666666666666664,0.9310344667063023,0.896551708680143
male,group D,associate's degree,standard,none,40,52,43,135,45.0,1.299999967500001,1.0749999731250008
female,group B,high school,standard,none,65,81,73,219,73.0,1.246153826982249,1.1230769057988168
male,group A,some college,standard,completed,78,72,70,220,73.33333333333333,0.9230769112426037,0.8974358859303092
female,group A,master's degree,standard,none,50,53,58,161,53.666666666666664,1.0599999788000005,1.1599999768000004
female,group C,some high school,standard,none,69,75,78,222,74.0,1.0869565059861377,1.1304347662255831
male,group C,high school,standard,none,88,89,86,263,87.66666666666667,1.011363624870868,0.9772727161673556
female,group B,some high school,free/reduced,none,18,32,28,78,26.0,1.7777776790123512,1.5555554691358071
male,group C,master's degree,free/reduced,completed,46,42,46,134,44.666666666666664,0.9130434584120988,0.9999999782608701
female,group C,associate's degree,free/reduced,none,54,58,61,173,57.666666666666664,1.0740740541838139,1.1296296087105628
male,group D,high school,standard,none,66,69,63,198,66.0,1.0454545296143254,0.9545454400826449
female,group B,some college,free/reduced,completed,65,75,70,210,70.0,1.1538461360946748,1.07692306035503
male,group D,some college,standard,none,44,54,53,151,50.333333333333336,1.227272699380166,1.2045454271694223
female,group C,some high school,standard,none,69,73,73,215,71.66666666666667,1.0579709991598407,1.0579709991598407
male,group D,bachelor's degree,free/reduced,completed,74,71,80,225,75.0,0.9594594464937913,1.0810810664718775
male,group A,master's degree,free/reduced,none,73,74,72,219,73.0,1.013698616250704,0.9863013563520362
male,group B,some college,standard,none,69,54,55,178,59.333333333333336,0.7826086843100191,0.7971014377231675
female,group C,bachelor's degree,standard,none,67,69,75,211,70.33333333333333,1.0298507308977503,1.1194029683671198
male,group C,high school,standard,none,70,70,65,205,68.33333333333333,0.9999999857142859,0.9285714153061226
female,group D,master's degree,standard,none,62,70,75,207,69.0,1.1290322398543187,1.209677399843913
female,group D,some college,standard,none,69,74,74,217,72.33333333333333,1.0724637525729892,1.0724637525729892
female,group B,some college,standard,none,63,65,61,189,63.0,1.031746015369111,0.9682539528848579
female,group E,master's degree,free/reduced,none,56,72,65,193,64.33333333333333,1.2857142627551026,1.1607142649872453
male,group D,some college,standard,none,40,42,38,120,40.0,1.0499999737500008,0.9499999762500007
male,group E,some college,standard,none,97,87,82,266,88.66666666666667,0.8969072072483794,0.8453608160272081
male,group E,associate's degree,standard,completed,81,81,79,241,80.33333333333333,0.9999999876543212,0.9753086299344614
female,group D,associate's degree,standard,none,74,81,83,238,79.33333333333333,1.094594579802776,1.121621606464573
female,group D,some high school,free/reduced,none,50,64,59,173,57.666666666666664,1.2799999744000006,1.1799999764000004
female,group D,associate's degree,free/reduced,completed,75,90,88,253,84.33333333333333,1.1999999840000002,1.1733333176888892
male,group B,associate's degree,free/reduced,none,57,56,57,170,56.666666666666664,0.9824561231148049,0.9999999824561407
male,group C,associate's degree,free/reduced,none,55,61,54,170,56.666666666666664,1.1090908889256204,0.9818181639669425
female,group C,associate's degree,standard,none,58,73,68,199,66.33333333333333,1.2586206679548162,1.1724137728894177
female,group B,associate's degree,standard,none,53,58,65,176,58.666666666666664,1.0943396019935925,1.2264150711997157
male,group B,some college,free/reduced,completed,59,65,66,190,63.333333333333336,1.1016948965814424,1.1186440488365417
female,group E,associate's degree,free/reduced,none,50,56,54,160,53.333333333333336,1.1199999776000005,1.0799999784000005
male,group B,associate's degree,standard,none,65,54,57,176,58.666666666666664,0.8307692179881659,0.8769230634319529
female,group A,associate's degree,standard,completed,55,65,62,182,60.666666666666664,1.1818181603305788,1.12727270677686
female,group C,high school,standard,none,66,71,76,213,71.0,1.075757559458219,1.1515151340679526
female,group D,associate's degree,free/reduced,completed,57,74,76,207,69.0,1.2982455912588493,1.333333309941521
male,group C,high school,standard,completed,82,84,82,248,82.66666666666667,1.0243902314098752,0.9999999878048782
male,group E,some college,standard,none,53,55,48,156,52.0,1.0377358294766825,0.9056603602705593
male,group E,associate's degree,free/reduced,completed,77,69,68,214,71.33333333333333,0.8961038844661834,0.8831168716478328
male,group C,some college,standard,none,53,44,42,139,46.333333333333336,0.830188663581346,0.7924528152367394
male,group D,high school,standard,none,88,78,75,241,80.33333333333333,0.8863636262913225,0.8522727175878101
female,group C,some high school,free/reduced,completed,71,84,87,242,80.66666666666667,1.1830985748859355,1.225352095417576
female,group C,high school,free/reduced,none,33,41,43,117,39.0,1.2424242047750242,1.3030302635445377
female,group E,associate's degree,standard,completed,82,85,86,253,84.33333333333333,1.0365853532123739,1.0487804750148724
male,group D,associate's degree,standard,none,52,55,49,156,52.0,1.0576922873520715,0.9423076741863909
male,group D,some college,standard,completed,58,59,58,175,58.333333333333336,1.0172413617717007,0.999999982758621
female,group C,some high school,free/reduced,none,0,17,10,27,9.0,17000000.0,10000000.0
male,group E,bachelor's degree,free/reduced,completed,79,74,72,225,75.0,0.9367088489024197,0.9113923935266786
male,group A,some high school,free/reduced,none,39,39,34,112,37.333333333333336,0.999999974358975,0.8717948494411578
male,group A,associate's degree,free/reduced,none,62,61,55,178,59.333333333333336,0.9838709518730492,0.8870967598855362
female,group C,associate's degree,standard,none,69,80,71,220,73.33333333333333,1.1594202730518801,1.0289854923335435
female,group D,some high school,standard,none,59,58,59,176,58.666666666666664,0.9830508307957486,0.9999999830508478
male,group B,some high school,standard,none,67,64,61,192,64.0,0.9552238663399424,0.9104477476052575
male,group D,some high school,free/reduced,none,45,37,37,119,39.666666666666664,0.8222222039506177,0.8222222039506177
female,group C,some college,standard,none,60,72,74,206,68.66666666666667,1.1999999800000003,1.2333333127777781
male,group B,associate's degree,free/reduced,none,61,58,56,175,58.333333333333336,0.9508196565439401,0.9180327718355283
female,group C,associate's degree,standard,none,39,64,57,160,53.333333333333336,1.6410255989480618,1.4615384240631175
female,group D,some college,free/reduced,completed,58,63,73,194,64.66666666666667,1.0862068778240195,1.2586206679548162
male,group D,some college,standard,completed,63,55,63,181,60.333333333333336,0.8730158591584785,0.9999999841269844
female,group A,associate's degree,free/reduced,none,41,51,48,140,46.666666666666664,1.2439024086853072,1.170731678762642
male,group C,some high school,free/reduced,none,61,57,56,174,58.0,0.9344262141897343,0.9180327718355283
male,group C,some high school,standard,none,49,49,41,139,46.333333333333336,0.9999999795918372,0.8367346768013332
male,group B,associate's degree,free/reduced,none,44,41,38,123,41.0,0.9318181606404964,0.863636344008265
male,group E,some high school,standard,none,30,26,22,78,26.0,0.8666666377777787,0.7333333088888897
male,group A,bachelor's degree,standard,completed,80,78,81,239,79.66666666666667,0.9749999878125002,1.0124999873437501
female,group D,some high school,standard,completed,61,74,72,207,69.0,1.2131147342112338,1.1803278495028222
female,group E,master's degree,standard,none,62,68,68,198,66.0,1.096774175858481,1.096774175858481
female,group B,associate's degree,standard,none,47,49,50,146,48.666666666666664,1.0425531693073795,1.0638297645993668
male,group B,high school,free/reduced,none,49,45,45,139,46.333333333333336,0.9183673281965852,0.9183673281965852
male,group A,some college,free/reduced,completed,50,47,54,151,50.333333333333336,0.9399999812000004,1.0799999784000005
male,group E,associate's degree,standard,none,72,64,63,199,66.33333333333333,0.88888887654321,0.8749999878472224
male,group D,high school,free/reduced,none,42,39,34,115,38.333333333333336,0.9285714064625856,0.8095237902494337
female,group C,some college,standard,none,73,80,82,235,78.33333333333333,1.095890395946707,1.1232876558453746
female,group C,some college,free/reduced,none,76,83,88,247,82.33333333333333,1.092105248788089,1.1578947216066484
female,group D,associate's degree,standard,none,71,71,74,216,72.0,0.9999999859154932,1.0422535064471337
female,group A,some college,standard,none,58,70,67,195,65.0,1.206896530915577,1.155172393876338
female,group D,some high school,standard,none,73,86,82,241,80.33333333333333,1.17808217564271,1.1232876558453746
female,group C,bachelor's degree,standard,none,65,72,74,211,70.33333333333333,1.107692290650888,1.138461520946746
male,group C,high school,free/reduced,none,27,34,36,97,32.333333333333336,1.259259212620029,1.3333332839506191
male,group C,high school,standard,none,71,79,71,221,73.66666666666667,1.1126760406665346,0.9999999859154932
male,group C,associate's degree,free/reduced,completed,43,45,50,138,46.0,1.0465116035694977,1.162790670632775
female,group B,some college,standard,none,79,86,92,257,85.66666666666667,1.088607581156866,1.1645569472840893
male,group C,associate's degree,free/reduced,completed,78,81,82,241,80.33333333333333,1.0384615251479292,1.0512820378040764
male,group B,some high school,standard,completed,65,66,62,193,64.33333333333333,1.015384599763314,0.9538461391715979
female,group E,some college,standard,completed,63,72,70,205,68.33333333333333,1.1428571247165535,1.111111093474427
female,group D,some college,free/reduced,none,58,67,62,187,62.333333333333336,1.155172393876338,1.0689654988109398
female,group D,bachelor's degree,standard,none,65,67,62,194,64.66666666666667,1.0307692149112428,0.9538461391715979
male,group B,some college,standard,none,79,67,67,213,71.0,0.8481012550873259,0.8481012550873259
male,group D,bachelor's degree,standard,completed,68,74,74,216,72.0,1.088235278114187,1.088235278114187
female,group D,associate's degree,standard,none,85,91,89,265,88.33333333333333,1.070588222698962,1.0470588112110728
male,group B,high school,standard,completed,60,44,47,151,50.333333333333336,0.7333333211111114,0.783333320277778
male,group C,some college,standard,completed,98,86,90,274,91.33333333333333,0.8775510114535612,0.9183673375676803
female,group C,some college,standard,none,58,67,72,197,65.66666666666667,1.155172393876338,1.2413792889417365
female,group D,master's degree,standard,none,87,100,100,287,95.66666666666667,1.1494252741445372,1.1494252741445372
male,group E,associate's degree,standard,completed,66,63,64,193,64.33333333333333,0.9545454400826449,0.9696969550045916
female,group B,associate's degree,free/reduced,none,52,76,70,198,66.0,1.4615384334319532,1.3461538202662728
female,group B,some high school,standard,none,70,64,72,206,68.66666666666667,0.91428570122449,1.0285714138775512
female,group D,associate's degree,free/reduced,completed,77,89,98,264,88.0,1.155844140833193,1.2727272561983474
male,group C,high school,standard,none,62,55,49,166,55.333333333333336,0.8870967598855362,0.7903225678980231
male,group A,associate's degree,standard,none,54,53,47,154,51.333333333333336,0.9814814633058989,0.8703703542524008
female,group D,some college,standard,none,51,58,54,163,54.333333333333336,1.137254879661669,1.0588235086505196
female,group E,bachelor's degree,standard,completed,99,100,100,299,99.66666666666667,1.0101009998979698,1.0101009998979698
male,group C,high school,standard,none,84,77,74,235,78.33333333333333,0.9166666557539684,0.8809523704648528
female,group B,bachelor's degree,free/reduced,none,75,85,82,242,80.66666666666667,1.1333333182222225,1.0933333187555558
female,group D,bachelor's degree,standard,none,78,82,79,239,79.66666666666667,1.0512820378040764,1.0128204998356347
female,group D,some high school,standard,none,51,63,61,175,58.333333333333336,1.235294093425606,1.1960784079200313
female,group C,some college,standard,none,55,69,65,189,63.0,1.2545454317355376,1.1818181603305788
female,group C,bachelor's degree,standard,completed,79,92,89,260,86.66666666666667,1.1645569472840893,1.1265822642204777
male,group B,associate's degree,standard,completed,91,89,92,272,90.66666666666667,0.9780219672744839,1.0109889998792418
female,group C,some college,standard,completed,88,93,93,274,91.33333333333333,1.0568181698088845,1.0568181698088845
male,group D,high school,free/reduced,none,63,57,56,176,58.666666666666664,0.904761890400605,0.8888888747795417
male,group E,some college,standard,none,83,80,73,236,78.66666666666667,0.9638554100740312,0.8795180616925535
female,group B,high school,standard,none,87,95,86,268,89.33333333333333,1.0919540104373102,0.9885057357643019
male,group B,some high school,standard,none,72,68,67,207,69.0,0.9444444313271607,0.930555542631173
male,group D,some college,standard,completed,65,77,74,216,72.0,1.1846153663905328,1.138461520946746
male,group D,master's degree,standard,none,82,82,74,238,79.33333333333333,0.9999999878048782,0.9024390133848901
female,group A,bachelor's degree,standard,none,51,49,51,151,50.333333333333336,0.9607842948865825,0.9999999803921573
male,group D,master's degree,standard,none,89,84,82,255,85.0,0.9438202141143797,0.9213483042545134
male,group C,some high school,free/reduced,completed,53,37,40,130,43.333333333333336,0.6981131943752228,0.7547169668921327
male,group E,some college,free/reduced,completed,87,74,70,231,77.0,0.8505747028669575,0.804597691901176
female,group C,some college,standard,completed,75,81,84,240,80.0,1.0799999856000002,1.1199999850666669
male,group D,bachelor's degree,free/reduced,completed,74,79,75,228,76.0,1.067567553140979,1.0135134998173851
male,group C,bachelor's degree,standard,none,58,55,48,161,53.666666666666664,0.9482758457193821,0.8275861926278243
male,group B,some high school,standard,completed,51,54,41,146,48.666666666666664,1.0588235086505196,0.8039215528642834
male,group E,high school,standard,none,70,55,56,181,60.333333333333336,0.7857142744897961,0.7999999885714287
female,group C,associate's degree,standard,none,59,66,67,192,64.0,1.1186440488365417,1.1355932010916407
male,group D,some college,standard,completed,71,61,69,201,67.0,0.8591549174766914,0.9718309722277328
female,group D,some high school,standard,none,76,72,71,219,73.0,0.9473684085872578,0.9342105140235459
female,group C,some college,free/reduced,none,59,62,64,185,61.666666666666664,1.0508474398161451,1.0847457443263433
female,group E,some college,free/reduced,completed,42,55,54,151,50.333333333333336,1.309523778344672,1.2857142551020415
male,group A,high school,standard,none,57,43,47,147,49.0,0.7543859516774395,0.8245613890427826
male,group D,some college,standard,none,88,73,78,239,79.66666666666667,0.8295454451188018,0.8863636262913225
female,group C,some college,free/reduced,none,22,39,33,94,31.333333333333332,1.772727192148764,1.499999931818185
male,group B,some high school,standard,none,88,84,75,247,82.33333333333333,0.9545454436983473,0.8522727175878101
male,group C,associate's degree,free/reduced,none,73,68,66,207,69.0,0.9315068365547009,0.9041095766560332
female,group D,bachelor's degree,standard,completed,68,75,81,224,74.66666666666667,1.1029411602508654,1.1911764530709346
male,group E,associate's degree,free/reduced,completed,100,100,93,293,97.66666666666667,0.9999999900000002,0.9299999907000002
male,group A,some high school,standard,completed,62,67,69,198,66.0,1.0806451438605622,1.1129032078563998
male,group A,bachelor's degree,standard,none,77,67,68,212,70.66666666666667,0.8701298588294823,0.8831168716478328
female,group B,associate's degree,standard,completed,59,70,66,195,65.0,1.186440657856938,1.1186440488365417
male,group D,bachelor's degree,standard,none,54,49,47,150,50.0,0.9074073906035669,0.8703703542524008
male,group D,some high school,standard,none,62,67,61,190,63.333333333333336,1.0806451438605622,0.9838709518730492
female,group C,some college,standard,completed,70,89,88,247,82.33333333333333,1.2714285532653065,1.2571428391836739
female,group E,high school,free/reduced,completed,66,74,78,218,72.66666666666667,1.121212104224059,1.1818181639118461
male,group B,some college,free/reduced,none,60,60,60,180,60.0,0.9999999833333336,0.9999999833333336
female,group B,associate's degree,standard,completed,61,86,87,234,78.0,1.4098360424617042,1.42622948481591
male,group D,associate's degree,free/reduced,none,66,62,64,192,64.0,0.9393939251606981,0.9696969550045916
male,group B,associate's degree,free/reduced,completed,82,78,74,234,78.0,0.9512195005948841,0.9024390133848901
female,group E,some college,free/reduced,completed,75,88,85,248,82.66666666666667,1.1733333176888892,1.1333333182222225
male,group B,master's degree,free/reduced,none,49,53,52,154,51.333333333333336,1.0816326309870892,1.0612244681382763
male,group C,high school,standard,none,52,53,49,154,51.333333333333336,1.019230749630178,0.9423076741863909
female,group E,master's degree,standard,none,81,92,91,264,88.0,1.13580245511355,1.12345677625362
female,group C,bachelor's degree,standard,completed,96,100,100,296,98.66666666666667,1.0416666558159724,1.0416666558159724
male,group C,high school,free/reduced,completed,53,51,51,155,51.666666666666664,0.9622641327874693,0.9622641327874693
female,group B,master's degree,free/reduced,completed,58,76,78,212,70.66666666666667,1.3103448049940551,1.3448275630202144
female,group B,high school,standard,completed,68,83,78,229,76.33333333333333,1.220588217344291,1.1470588066609
female,group C,some college,free/reduced,completed,67,75,70,212,70.66666666666667,1.1194029683671198,1.044776103809312
male,group A,high school,standard,completed,72,73,74,219,73.0,1.013888874807099,1.0277777635030867
male,group E,some high school,standard,none,94,88,78,260,86.66666666666667,0.9361702028067,0.8297872252150296
female,group D,some college,standard,none,79,86,81,246,82.0,1.088607581156866,1.0253164427175134
female,group C,associate's degree,standard,none,63,67,70,200,66.66666666666667,1.0634920466112374,1.111111093474427
female,group C,bachelor's degree,free/reduced,completed,43,51,54,148,49.333333333333336,1.1860464840454308,1.2558139242833972
female,group C,master's degree,standard,completed,81,91,87,259,86.33333333333333,1.12345677625362,1.0740740608139006
female,group B,high school,free/reduced,completed,46,54,58,158,52.666666666666664,1.1739130179584127,1.2608695378071841
female,group C,associate's degree,standard,completed,71,77,77,225,75.0,1.0845070269787742,1.0845070269787742
female,group B,master's degree,free/reduced,completed,52,70,62,184,61.333333333333336,1.3461538202662728,1.1923076693786987
female,group D,some high school,standard,completed,97,100,100,297,99.0,1.0309278244234246,1.0309278244234246
male,group C,master's degree,free/reduced,completed,62,68,75,205,68.33333333333333,1.096774175858481,1.209677399843913
female,group C,some college,free/reduced,none,46,64,66,176,58.666666666666664,1.391304317580341,1.4347825775047267
female,group E,high school,standard,none,50,50,47,147,49.0,0.9999999800000005,0.9399999812000004
female,group D,associate's degree,standard,none,65,69,70,204,68.0,1.0615384452071008,1.07692306035503
male,group C,some high school,free/reduced,completed,45,52,49,146,48.666666666666664,1.1555555298765439,1.0888888646913586
male,group C,associate's degree,free/reduced,completed,65,67,65,197,65.66666666666667,1.0307692149112428,0.9999999846153849
male,group E,high school,standard,none,80,76,65,221,73.66666666666667,0.9499999881250002,0.8124999898437502
male,group D,some high school,standard,completed,62,66,68,196,65.33333333333333,1.0645161118626434,1.096774175858481
male,group B,some high school,free/reduced,none,48,52,45,145,48.333333333333336,1.0833333107638894,0.9374999804687505
female,group C,bachelor's degree,standard,none,77,88,87,252,84.0,1.1428571280148425,1.129870115196492
female,group E,associate's degree,standard,none,66,65,69,200,66.66666666666667,0.9848484699265384,1.0454545296143254
male,group D,some college,standard,completed,76,83,79,238,79.33333333333333,1.092105248788089,1.0394736705332412
female,group B,some high school,standard,none,62,64,66,192,64.0,1.0322580478668058,1.0645161118626434
male,group D,some college,standard,completed,77,62,62,201,67.0,0.8051947947377299,0.8051947947377299
female,group C,master's degree,standard,completed,69,84,85,238,79.33333333333333,1.217391286704474,1.2318840401176228
male,group D,associate's degree,standard,none,61,55,52,168,56.0,0.9016393294813225,0.8524590024187049
male,group C,some high school,free/reduced,completed,59,69,65,193,64.33333333333333,1.169491505601839,1.1016948965814424
male,group E,high school,free/reduced,none,55,56,51,162,54.0,1.0181817996694218,0.9272727104132235
female,group B,some college,free/reduced,none,45,53,55,153,51.0,1.177777751604939,1.2222221950617291
female,group B,bachelor's degree,free/reduced,none,78,79,76,233,77.66666666666667,1.0128204998356347,0.9743589618671928
female,group C,associate's degree,standard,completed,67,84,86,237,79.0,1.2537313245711743,1.2835820703942975
female,group D,some college,free/reduced,none,65,81,77,223,74.33333333333333,1.246153826982249,1.1846153663905328
male,group C,associate's degree,standard,none,69,77,69,215,71.66666666666667,1.1159420128124347,0.9999999855072467
female,group B,associate's degree,standard,none,57,69,68,194,64.66666666666667,1.2105262945521704,1.1929824352108345
male,group C,some college,standard,none,59,41,42,142,47.333333333333336,0.6949152424590637,0.7118643947141629
male,group D,some high school,standard,completed,74,71,78,223,74.33333333333333,0.9594594464937913,1.0540540398100806
male,group E,bachelor's degree,standard,none,82,62,62,206,68.66666666666667,0.7560975517549079,0.7560975517549079
male,group E,high school,standard,completed,81,80,76,237,79.0,0.9876543087943913,0.9382715933546717
female,group B,some college,free/reduced,none,74,81,76,231,77.0,1.094594579802776,1.0270270131482837
female,group B,some college,free/reduced,none,58,61,66,185,61.666666666666664,1.05172411979786,1.1379310148632584
male,group D,some high school,free/reduced,completed,80,79,79,238,79.33333333333333,0.9874999876562501,0.9874999876562501
male,group C,some college,free/reduced,none,35,28,27,90,30.0,0.7999999771428579,0.7714285493877557
female,group C,high school,free/reduced,none,42,62,60,164,54.666666666666664,1.4761904410430848,1.428571394557824
male,group C,associate's degree,free/reduced,completed,60,51,56,167,55.666666666666664,0.8499999858333336,0.9333333177777781
male,group E,high school,standard,completed,87,91,81,259,86.33333333333333,1.0459769994715287,0.931034472057075
male,group B,some high school,standard,completed,84,83,75,242,80.66666666666667,0.9880952263321997,0.8928571322278913
female,group E,associate's degree,free/reduced,completed,83,86,88,257,85.66666666666667,1.0361445658295836,1.0602409510814343
female,group C,high school,free/reduced,none,34,42,39,115,38.333333333333336,1.23529408131488,1.1470587897923885
male,group B,high school,free/reduced,none,66,77,70,213,71.0,1.1666666489898994,1.0606060445362722
male,group B,some high school,standard,completed,61,56,56,173,57.666666666666664,0.9180327718355283,0.9180327718355283
female,group D,high school,standard,completed,56,68,74,198,66.0,1.2142856926020413,1.3214285478316332
male,group B,associate's degree,standard,none,87,85,73,245,81.66666666666667,0.9770114830228566,0.8390804501255121
female,group C,some high school,free/reduced,none,55,65,62,182,60.666666666666664,1.1818181603305788,1.12727270677686
male,group D,some high school,standard,none,86,80,75,241,80.33333333333333,0.9302325473228774,0.8720930131151976
female,group B,associate's degree,standard,completed,52,66,73,191,63.666666666666664,1.2692307448224858,1.403846126849113
female,group E,master's degree,free/reduced,none,45,56,54,155,51.666666666666664,1.244444416790124,1.199999973333334
female,group C,some college,standard,none,72,72,71,215,71.66666666666667,0.9999999861111113,0.9861110974151237
male,group D,high school,standard,none,57,50,54,161,53.666666666666664,0.8771929670667901,0.9473684044321333
male,group A,some high school,free/reduced,none,68,72,64,204,68.0,1.0588235138408306,0.9411764567474051
female,group C,some college,standard,completed,88,95,94,277,92.33333333333333,1.0795454422778927,1.0681818060433885
male,group D,some college,standard,none,76,64,66,206,68.66666666666667,0.8421052520775625,0.8684210412049863
male,group C,associate's degree,standard,none,46,43,42,131,43.666666666666664,0.9347825883742916,0.9130434584120988
female,group B,bachelor's degree,standard,none,67,86,83,236,78.66666666666667,1.2835820703942975,1.2388059516596126
male,group E,some high school,standard,none,92,87,78,257,85.66666666666667,0.9456521636342157,0.8478260777410209
male,group C,bachelor's degree,standard,completed,83,82,84,249,83.0,0.9879517953258821,1.0120481805777328
male,group D,associate's degree,standard,none,80,75,77,232,77.33333333333333,0.9374999882812501,0.9624999879687501
male,group D,bachelor's degree,free/reduced,none,63,66,67,196,65.33333333333333,1.047619030990174,1.0634920466112374
female,group D,some high school,standard,completed,64,60,74,198,66.0,0.9374999853515628,1.156249981933594
male,group B,some college,standard,none,54,52,51,157,52.333333333333336,0.9629629451303159,0.9444444269547329
male,group C,associate's degree,standard,none,84,80,80,244,81.33333333333333,0.952380941043084,0.952380941043084
male,group D,high school,free/reduced,completed,73,68,66,207,69.0,0.9315068365547009,0.9041095766560332
female,group E,bachelor's degree,standard,none,80,83,83,246,82.0,1.0374999870312502,1.0374999870312502
female,group D,high school,standard,none,56,52,55,163,54.333333333333336,0.9285714119897962,0.9821428396045921
male,group E,some college,standard,none,59,51,43,153,51.0,0.8644067650100549,0.7288135469692619
male,group D,some high school,standard,none,75,74,69,218,72.66666666666667,0.9866666535111113,0.9199999877333336
male,group C,associate's degree,standard,none,85,76,71,232,77.33333333333333,0.8941176365397926,0.8352941078200693
male,group E,associate's degree,standard,none,89,76,74,239,79.66666666666667,0.8539325746749149,0.8314606648150488
female,group B,high school,standard,completed,58,70,68,196,65.33333333333333,1.206896530915577,1.1724137728894177
female,group B,high school,standard,none,65,64,62,191,63.666666666666664,0.9846153694674559,0.9538461391715979
male,group C,high school,standard,none,68,60,53,181,60.333333333333336,0.8823529282006922,0.7794117532439448
male,group A,some high school,standard,completed,47,49,49,145,48.333333333333336,1.0425531693073795,1.0425531693073795
female,group D,some college,free/reduced,none,71,83,83,237,79.0,1.1690140680420553,1.1690140680420553
female,group B,some high school,standard,completed,60,70,70,200,66.66666666666667,1.1666666472222227,1.1666666472222227
male,group D,master's degree,standard,none,80,80,72,232,77.33333333333333,0.9999999875000002,0.8999999887500002
male,group D,high school,standard,none,54,52,52,158,52.666666666666664,0.9629629451303159,0.9629629451303159
female,group E,some college,standard,none,62,73,70,205,68.33333333333333,1.1774193358480753,1.1290322398543187
female,group C,associate's degree,free/reduced,none,64,73,68,205,68.33333333333333,1.1406249821777348,1.0624999833984379
male,group C,associate's degree,standard,completed,78,77,77,232,77.33333333333333,0.9871794745233401,0.9871794745233401
female,group B,some college,standard,none,70,75,78,223,74.33333333333333,1.0714285561224492,1.1142856983673473
female,group C,master's degree,free/reduced,completed,65,81,81,227,75.66666666666667,1.246153826982249,1.246153826982249
female,group C,some high school,free/reduced,completed,64,79,77,220,73.33333333333333,1.234374980712891,1.2031249812011722
male,group C,some college,standard,completed,79,79,78,236,78.66666666666667,0.9999999873417723,0.9873417596539018
female,group C,some high school,free/reduced,none,44,50,51,145,48.333333333333336,1.1363636105371908,1.1590908827479345
female,group E,high school,standard,none,99,93,90,282,94.0,0.9393939299051118,0.9090908999081727
male,group D,high school,standard,none,76,73,68,217,72.33333333333333,0.9605263031509698,0.8947368303324101
male,group D,some high school,free/reduced,none,59,42,41,142,47.333333333333336,0.7118643947141629,0.6949152424590637
female,group C,bachelor's degree,standard,none,63,75,81,219,73.0,1.1904761715797434,1.2857142653061229
female,group D,high school,standard,none,69,72,77,218,72.66666666666667,1.0434782457466922,1.1159420128124347
female,group D,associate's degree,standard,completed,88,92,95,275,91.66666666666667,1.0454545335743803,1.0795454422778927
female,group E,some college,free/reduced,none,71,76,70,217,72.33333333333333,1.070422520134894,0.985915479071613
male,group C,bachelor's degree,standard,none,69,63,61,193,64.33333333333333,0.9130434650283556,0.8840579582020586
male,group C,some college,standard,none,58,49,42,149,49.666666666666664,0.8448275716409039,0.7241379185493463
female,group D,associate's degree,free/reduced,none,47,53,58,158,52.666666666666664,1.1276595504753288,1.2340425269352655
female,group D,some college,standard,none,65,70,71,206,68.66666666666667,1.07692306035503,1.0923076755029588
male,group B,some college,standard,completed,88,85,76,249,83.0,0.9659090799328514,0.8636363538223142
male,group C,bachelor's degree,standard,none,83,78,73,234,78.0,0.9397590248221804,0.8795180616925535
female,group C,some high school,standard,completed,85,92,93,270,90.0,1.0823529284429068,1.0941176341868515
female,group E,high school,standard,completed,59,63,75,197,65.66666666666667,1.0677965920712442,1.2711864191324336
female,group C,some high school,free/reduced,none,65,86,80,231,77.0,1.3230769027218938,1.2307692118343199
male,group B,bachelor's degree,free/reduced,none,73,56,57,186,62.0,0.7671232771626949,0.7808219071120287
male,group D,high school,standard,none,53,52,42,147,49.0,0.9811320569597726,0.7924528152367394
male,group D,high school,standard,none,45,48,46,139,46.333333333333336,1.0666666429629637,1.0222221995061733
female,group D,bachelor's degree,free/reduced,none,73,79,84,236,78.66666666666667,1.0821917659973732,1.1506849157440422
female,group D,some college,free/reduced,completed,70,78,78,226,75.33333333333333,1.1142856983673473,1.1142856983673473
female,group B,some high school,standard,none,37,46,46,129,43.0,1.2432432096420756,1.2432432096420756
male,group B,associate's degree,standard,completed,81,82,82,245,81.66666666666667,1.012345666514251,1.012345666514251
male,group E,associate's degree,standard,completed,97,82,88,267,89.0,0.8453608160272081,0.9072164854926136
female,group B,some high school,standard,none,67,89,82,238,79.33333333333333,1.3283581891289824,1.2238805787480511
male,group B,bachelor's degree,free/reduced,none,88,75,76,239,79.66666666666667,0.8522727175878101,0.8636363538223142
male,group E,some high school,standard,completed,77,76,77,230,76.66666666666667,0.9870129741946367,0.9999999870129872
male,group C,associate's degree,standard,none,76,70,68,214,71.33333333333333,0.921052619459834,0.8947368303324101
male,group D,some high school,standard,none,86,73,70,229,76.33333333333333,0.8488371994321257,0.8139534789075177
male,group C,some high school,standard,completed,63,60,57,180,60.0,0.9523809372637947,0.904761890400605
female,group E,bachelor's degree,standard,none,65,73,75,213,71.0,1.1230769057988168,1.1538461360946748
male,group D,high school,free/reduced,completed,78,77,80,235,78.33333333333333,0.9871794745233401,1.0256410124917819
male,group B,associate's degree,free/reduced,none,67,62,60,189,63.0,0.9253731205168191,0.8955223746936959
male,group A,some high school,standard,completed,46,41,43,130,43.333333333333336,0.8913043284499059,0.9347825883742916
male,group E,associate's degree,standard,completed,71,74,68,213,71.0,1.0422535064471337,0.9577464653838527
male,group C,high school,free/reduced,completed,40,46,50,136,45.333333333333336,1.1499999712500009,1.249999968750001
male,group D,associate's degree,free/reduced,none,90,87,75,252,84.0,0.966666655925926,0.8333333240740742
male,group A,some college,free/reduced,completed,81,78,81,240,80.0,0.9629629510745314,0.9999999876543212
male,group D,some high school,free/reduced,none,56,54,52,162,54.0,0.9642856970663268,0.9285714119897962
female,group C,associate's degree,standard,completed,67,84,81,232,77.33333333333333,1.2537313245711743,1.2089552058364894
male,group B,associate's degree,standard,none,80,76,64,220,73.33333333333333,0.9499999881250002,0.7999999900000001
female,group C,associate's degree,standard,completed,74,75,83,232,77.33333333333333,1.0135134998173851,1.121621606464573
male,group A,some college,standard,none,69,67,69,205,68.33333333333333,0.9710144786809496,0.9999999855072467
male,group E,some college,standard,completed,99,87,81,267,89.0,0.8787878699112337,0.8181818099173555
male,group C,some high school,standard,none,51,52,44,147,49.0,1.0196078231449448,0.8627450811226455
female,group B,associate's degree,free/reduced,none,53,71,67,191,63.666666666666664,1.3396226162335356,1.2641509195443223
female,group D,high school,free/reduced,none,49,57,52,158,52.666666666666664,1.1632652823823413,1.0612244681382763
female,group B,associate's degree,standard,none,73,76,80,229,76.33333333333333,1.0410958761493716,1.095890395946707
male,group B,bachelor's degree,standard,none,66,60,57,183,61.0,0.9090908953168046,0.8636363505509644
male,group D,bachelor's degree,standard,completed,67,61,68,196,65.33333333333333,0.9104477476052575,1.0149253579861888
female,group C,associate's degree,free/reduced,completed,68,67,69,204,68.0,0.9852941031574397,1.014705867430796
female,group C,bachelor's degree,standard,completed,59,64,75,198,66.0,1.0847457443263433,1.2711864191324336
male,group C,high school,standard,none,71,66,65,202,67.33333333333333,0.9295774516960923,0.9154929448522121
female,group D,master's degree,standard,completed,77,82,91,250,83.33333333333333,1.0649350511047397,1.181818166469894
male,group C,associate's degree,standard,none,83,72,78,233,77.66666666666667,0.8674698690666282,0.9397590248221804
male,group B,bachelor's degree,standard,none,63,71,69,203,67.66666666666667,1.1269841090954904,1.095238077853364
female,group D,associate's degree,free/reduced,none,56,65,63,184,61.333333333333336,1.1607142649872453,1.1249999799107147
female,group C,high school,free/reduced,completed,67,79,84,230,76.66666666666667,1.1791044600133662,1.2537313245711743
female,group E,high school,standard,none,75,86,79,240,80.0,1.1466666513777781,1.0533333192888892
female,group C,some college,standard,none,71,81,80,232,77.33333333333333,1.140845054354295,1.1267605475104148
female,group C,some high school,free/reduced,none,43,53,53,149,49.666666666666664,1.2325581108707417,1.2325581108707417
female,group C,high school,free/reduced,none,41,46,43,130,43.333333333333336,1.121951192147532,1.0487804622248669
female,group C,some college,standard,none,82,90,94,266,88.66666666666667,1.0975609622248663,1.1463414494348605
male,group C,some college,standard,none,61,61,62,184,61.333333333333336,0.9999999836065577,1.0163934259607637
male,group A,some college,free/reduced,none,28,23,19,70,23.333333333333332,0.8214285420918378,0.6785714043367356
male,group C,associate's degree,standard,completed,82,75,77,234,78.0,0.9146341351873887,0.9390243787923856
female,group B,some high school,standard,none,41,55,51,147,49.0,1.3414633819155273,1.2439024086853072
male,group C,high school,standard,none,71,60,61,192,64.0,0.8450704106328112,0.8591549174766914
male,group C,associate's degree,standard,none,47,37,35,119,39.666666666666664,0.7872340258035314,0.7446808352195567
male,group E,associate's degree,standard,completed,62,56,53,171,57.0,0.903225791883455,0.8548386958896985
male,group B,associate's degree,standard,none,90,78,81,249,83.0,0.8666666570370372,0.8999999900000001
female,group C,bachelor's degree,standard,none,83,93,95,271,90.33333333333333,1.1204819142110614,1.1445782994629121
female,group B,some college,free/reduced,none,61,68,66,195,65.0,1.1147540800859987,1.081967195377587
male,group D,some high school,standard,completed,76,70,69,215,71.66666666666667,0.921052619459834,0.9078947248961221
male,group C,associate's degree,standard,none,49,51,43,143,47.666666666666664,1.0408163052894632,0.8775510024989592
female,group B,some high school,free/reduced,none,24,38,27,89,29.666666666666668,1.5833332673611138,1.124999953125002
female,group D,some high school,free/reduced,completed,35,55,60,150,50.0,1.5714285265306136,1.714285665306124
male,group C,high school,free/reduced,none,58,61,52,171,57.0,1.05172411979786,0.896551708680143
female,group C,high school,standard,none,61,73,63,197,65.66666666666667,1.196721291857028,1.0327868683149695
female,group B,high school,standard,completed,69,76,74,219,73.0,1.1014492593992862,1.0724637525729892
male,group D,associate's degree,standard,completed,67,72,67,206,68.66666666666667,1.0746268496324352,0.9999999850746272
male,group D,some college,standard,none,79,73,67,219,73.0,0.9240506212145492,0.8481012550873259
female,group C,high school,standard,none,72,80,75,227,75.66666666666667,1.1111110956790127,1.0416666521990743
male,group B,some college,standard,none,62,61,57,180,60.0,0.9838709518730492,0.9193548238813738
female,group C,bachelor's degree,standard,completed,77,94,95,266,88.66666666666667,1.2207792049249455,1.233766217743296
male,group D,high school,free/reduced,none,75,74,66,215,71.66666666666667,0.9866666535111113,0.8799999882666668
male,group E,associate's degree,standard,none,87,74,76,237,79.0,0.8505747028669575,0.8735632083498482
female,group B,bachelor's degree,standard,none,52,65,69,186,62.0,1.249999975961539,1.326923051405326
male,group E,some college,standard,none,66,57,52,175,58.333333333333336,0.8636363505509644,0.7878787759412307
female,group C,some college,standard,completed,63,78,80,221,73.66666666666667,1.238095218442933,1.2698412496850595
female,group C,associate's degree,standard,none,46,58,57,161,53.666666666666664,1.2608695378071841,1.2391304078449912
female,group C,some college,standard,none,59,71,70,200,66.66666666666667,1.2033898101120373,1.186440657856938
female,group B,bachelor's degree,standard,none,61,72,70,203,67.66666666666667,1.1803278495028222,1.1475409647944104
male,group A,associate's degree,standard,none,63,61,61,185,61.666666666666664,0.9682539528848579,0.9682539528848579
female,group C,some college,free/reduced,completed,42,66,69,177,59.0,1.5714285340136065,1.6428571037414976
male,group D,some college,free/reduced,none,59,62,61,182,60.666666666666664,1.0508474398161451,1.033898287561046
female,group D,some college,standard,none,80,90,89,259,86.33333333333333,1.1249999859375002,1.1124999860937501
female,group B,high school,standard,none,58,62,59,179,59.666666666666664,1.0689654988109398,1.0172413617717007
male,group B,some high school,standard,completed,85,84,78,247,82.33333333333333,0.9882352824913496,0.9176470480276818
female,group C,some college,standard,none,52,58,58,168,56.0,1.1153845939349116,1.1153845939349116
female,group D,some high school,free/reduced,none,27,34,32,93,31.0,1.259259212620029,1.1851851412894392
male,group C,some college,standard,none,59,60,58,177,59.0,1.016949135305947,0.9830508307957486
male,group A,bachelor's degree,free/reduced,completed,49,58,60,167,55.666666666666664,1.1836734452311541,1.2244897709287803
male,group C,high school,standard,completed,69,58,53,180,60.0,0.8405796979626131,0.7681159308968706
male,group C,bachelor's degree,free/reduced,none,61,66,61,188,62.666666666666664,1.081967195377587,0.9999999836065577
female,group A,some high school,free/reduced,none,44,64,58,166,55.333333333333336,1.4545454214876041,1.3181817882231412
female,group D,some high school,standard,none,73,84,85,242,80.66666666666667,1.1506849157440422,1.1643835456933762
male,group E,some college,standard,none,84,77,71,232,77.33333333333333,0.9166666557539684,0.8452380851757371
female,group C,some college,free/reduced,completed,45,73,70,188,62.666666666666664,1.6222221861728403,1.5555555209876553
male,group D,some high school,standard,none,74,74,72,220,73.33333333333333,0.9999999864864867,0.9729729598246898
female,group D,some college,standard,completed,82,97,96,275,91.66666666666667,1.182926814842356,1.1707316930398575
female,group D,bachelor's degree,standard,none,59,70,73,202,67.33333333333333,1.186440657856938,1.2372881146222354
male,group E,associate's degree,free/reduced,none,46,43,41,130,43.333333333333336,0.9347825883742916,0.8913043284499059
female,group D,some high school,standard,none,80,90,82,252,84.0,1.1249999859375002,1.0249999871875002
female,group D,master's degree,free/reduced,completed,85,95,100,280,93.33333333333333,1.1176470456747407,1.176470574394464
female,group A,some high school,standard,none,71,83,77,231,77.0,1.1690140680420553,1.0845070269787742
male,group A,bachelor's degree,standard,none,66,64,62,192,64.0,0.9696969550045916,0.9393939251606981
female,group B,associate's degree,standard,none,80,86,83,249,83.0,1.0749999865625002,1.0374999870312502
male,group C,associate's degree,standard,completed,87,100,95,282,94.0,1.1494252741445372,1.0919540104373102
male,group C,master's degree,free/reduced,none,79,81,71,231,77.0,1.0253164427175134,0.898734165838808
female,group E,some high school,free/reduced,none,38,49,45,132,44.0,1.2894736502770092,1.1842104951523555
female,group A,some high school,free/reduced,none,38,43,43,124,41.333333333333336,1.1315789175900286,1.1315789175900286
female,group E,some college,standard,none,67,76,75,218,72.66666666666667,1.1343283412786815,1.1194029683671198
female,group E,bachelor's degree,standard,none,64,73,70,207,69.0,1.1406249821777348,1.0937499829101565
female,group C,associate's degree,free/reduced,none,57,78,67,202,67.33333333333333,1.3684210286241925,1.1754385758694987
female,group D,high school,standard,none,62,64,64,190,63.333333333333336,1.0322580478668058,1.0322580478668058
male,group D,master's degree,standard,none,73,70,75,218,72.66666666666667,0.9589040964533686,1.0273972462000378
male,group E,some high school,free/reduced,completed,73,67,59,199,66.33333333333333,0.9178082066053671,0.8082191670106964
female,group D,some college,standard,none,77,68,77,222,74.0,0.8831168716478328,0.9999999870129872
male,group E,some college,standard,none,76,67,67,210,70.0,0.8815789357686983,0.8815789357686983
male,group C,associate's degree,standard,completed,57,54,56,167,55.666666666666664,0.9473684044321333,0.9824561231148049
female,group C,some high school,standard,completed,65,74,77,216,72.0,1.138461520946746,1.1846153663905328
male,group A,high school,free/reduced,none,48,45,41,134,44.666666666666664,0.9374999804687505,0.8541666488715282
female,group B,high school,free/reduced,none,50,67,63,180,60.0,1.3399999732000005,1.2599999748000006
female,group C,associate's degree,standard,none,85,89,95,269,89.66666666666667,1.0470588112110728,1.1176470456747407
male,group B,some high school,standard,none,74,63,57,194,64.66666666666667,0.8513513398466035,0.7702702598612128
male,group D,some high school,standard,none,60,59,54,173,57.666666666666664,0.9833333169444448,0.8999999850000003
female,group C,some high school,standard,completed,59,54,67,180,60.0,0.9152542217753522,1.1355932010916407
male,group A,some college,standard,none,53,43,43,139,46.333333333333336,0.8113207394090427,0.8113207394090427
female,group A,some college,free/reduced,none,49,65,55,169,56.333333333333336,1.3265305851728453,1.1224489566847153
female,group D,high school,standard,completed,88,99,100,287,95.66666666666667,1.1249999872159093,1.1363636234504133
female,group C,high school,standard,none,54,59,62,175,58.333333333333336,1.0925925723593968,1.1481481268861458
female,group C,some high school,standard,none,63,73,68,204,68.0,1.158730140337617,1.0793650622323006
male,group B,associate's degree,standard,completed,65,65,63,193,64.33333333333333,0.9999999846153849,0.9692307543195269
female,group B,associate's degree,standard,none,82,80,77,239,79.66666666666667,0.9756097441998812,0.9390243787923856
female,group D,high school,free/reduced,completed,52,57,56,165,55.0,1.0961538250739649,1.076923056213018
male,group D,associate's degree,standard,completed,87,84,85,256,85.33333333333333,0.9655172302814111,0.9770114830228566
female,group D,master's degree,standard,completed,70,71,74,215,71.66666666666667,1.0142856997959186,1.0571428420408167
male,group E,some college,standard,completed,84,83,78,245,81.66666666666667,0.9880952263321997,0.928571417517007
male,group D,associate's degree,standard,none,71,66,60,197,65.66666666666667,0.9295774516960923,0.8450704106328112
male,group B,some high school,standard,completed,63,67,67,197,65.66666666666667,1.0634920466112374,1.0634920466112374
female,group C,bachelor's degree,free/reduced,completed,51,72,79,202,67.33333333333333,1.4117646782006927,1.5490195774702045
male,group E,high school,standard,none,84,73,69,226,75.33333333333333,0.8690476087018142,0.82142856164966
male,group C,bachelor's degree,standard,completed,71,74,68,213,71.0,1.0422535064471337,0.9577464653838527
male,group C,associate's degree,standard,none,74,73,67,214,71.33333333333333,0.9864864731555882,0.9054053931701974
male,group D,some college,standard,none,68,59,62,189,63.0,0.8676470460640141,0.9117646924740487
male,group E,high school,free/reduced,completed,57,56,54,167,55.666666666666664,0.9824561231148049,0.9473684044321333
female,group C,associate's degree,free/reduced,completed,82,93,93,268,89.33333333333333,1.1341463276323618,1.1341463276323618
female,group D,high school,standard,completed,57,58,64,179,59.666666666666664,1.0175438417974765,1.1228069978454913
female,group D,master's degree,free/reduced,completed,47,58,67,172,57.333333333333336,1.2340425269352655,1.4255318845631515
female,group A,some high school,standard,completed,59,85,80,224,74.66666666666667,1.4406779416834248,1.3559321804079292
male,group B,some college,free/reduced,none,41,39,34,114,38.0,0.9512194889946467,0.8292682724568714
female,group C,some college,free/reduced,none,62,67,62,191,63.666666666666664,1.0806451438605622,0.999999983870968
male,group C,bachelor's degree,standard,none,86,83,86,255,85.0,0.9651162678474853,0.9999999883720931
male,group C,some high school,free/reduced,none,69,71,65,205,68.33333333333333,1.0289854923335435,0.9420289718546526
male,group A,some high school,free/reduced,none,65,59,53,177,59.0,0.9076922937278109,0.815384602840237
male,group C,some high school,free/reduced,none,68,63,54,185,61.666666666666664,0.9264705746107269,0.7941176353806231
male,group C,associate's degree,free/reduced,none,64,66,59,189,63.0,1.031249983886719,0.9218749855957034
female,group C,high school,standard,none,61,72,70,203,67.66666666666667,1.1803278495028222,1.1475409647944104
male,group C,high school,standard,none,61,56,55,172,57.333333333333336,0.9180327718355283,0.9016393294813225
female,group A,some high school,free/reduced,none,47,59,50,156,52.0,1.2553191222272528,1.0638297645993668
male,group C,some high school,standard,none,73,66,66,205,68.33333333333333,0.9041095766560332,0.9041095766560332
male,group C,some college,free/reduced,completed,50,48,53,151,50.333333333333336,0.9599999808000005,1.0599999788000005
male,group D,associate's degree,standard,none,75,68,64,207,69.0,0.906666654577778,0.8533333219555558
male,group D,associate's degree,free/reduced,none,75,66,73,214,71.33333333333333,0.8799999882666668,0.9733333203555558
male,group C,high school,standard,none,70,56,51,177,59.0,0.7999999885714287,0.7285714181632654
male,group D,some high school,standard,completed,89,88,82,259,86.33333333333333,0.988764033834112,0.9213483042545134
female,group C,some college,standard,completed,67,81,79,227,75.66666666666667,1.2089552058364894,1.1791044600133662
female,group D,high school,standard,none,78,81,80,239,79.66666666666667,1.0384615251479292,1.0256410124917819
female,group A,some high school,free/reduced,none,59,73,69,201,67.0,1.2372881146222354,1.169491505601839
female,group B,associate's degree,standard,none,73,83,76,232,77.33333333333333,1.1369862857947084,1.0410958761493716
male,group A,some high school,free/reduced,none,79,82,73,234,78.0,1.037974670405384,0.9240506212145492
female,group C,some high school,standard,completed,67,74,77,218,72.66666666666667,1.1044775954555583,1.149253714190243
male,group D,some college,free/reduced,none,69,66,60,195,65.0,0.9565217252678011,0.8695652047889101
male,group C,high school,standard,completed,86,81,80,247,82.33333333333333,0.9418604541644133,0.9302325473228774
male,group B,high school,standard,none,47,46,42,135,45.0,0.9787233834314174,0.8936170022634681
male,group B,associate's degree,standard,none,81,73,72,226,75.33333333333333,0.9012345567748821,0.8888888779149522
female,group C,some college,free/reduced,completed,64,85,85,234,78.0,1.3281249792480472,1.3281249792480472
female,group E,some college,standard,none,100,92,97,289,96.33333333333333,0.9199999908000002,0.9699999903000002
female,group C,associate's degree,free/reduced,none,65,77,74,216,72.0,1.1846153663905328,1.138461520946746
male,group C,some college,free/reduced,none,65,58,49,172,57.333333333333336,0.8923076785798819,0.7538461422485209
female,group C,associate's degree,free/reduced,none,53,61,62,176,58.666666666666664,1.1509433745105024,1.1698112986828058
male,group C,bachelor's degree,free/reduced,none,37,56,47,140,46.666666666666664,1.5135134726077442,1.2702702359386424
female,group D,bachelor's degree,standard,none,79,89,89,257,85.66666666666667,1.1265822642204777,1.1265822642204777
male,group D,associate's degree,free/reduced,none,53,54,48,155,51.666666666666664,1.0188679053043792,0.9056603602705593
female,group E,bachelor's degree,standard,none,100,100,100,300,100.0,0.9999999900000002,0.9999999900000002
male,group B,high school,standard,completed,72,65,68,205,68.33333333333333,0.9027777652391977,0.9444444313271607
male,group C,bachelor's degree,free/reduced,none,53,58,55,166,55.333333333333336,1.0943396019935925,1.0377358294766825
male,group B,some college,free/reduced,none,54,54,45,153,51.0,0.9999999814814818,0.8333333179012349
female,group E,some college,standard,none,71,70,76,217,72.33333333333333,0.985915479071613,1.070422520134894
female,group C,some college,free/reduced,none,77,90,91,258,86.0,1.1688311536515434,1.181818166469894
male,group A,bachelor's degree,standard,completed,75,58,62,195,65.0,0.7733333230222224,0.8266666556444446
female,group C,some college,standard,none,84,87,91,262,87.33333333333333,1.0357142733843538,1.083333320436508
female,group D,associate's degree,free/reduced,none,26,31,38,95,31.666666666666668,1.1923076464497058,1.4615384053254459
male,group A,high school,free/reduced,completed,72,67,65,204,68.0,0.930555542631173,0.9027777652391977
female,group A,high school,free/reduced,completed,77,88,85,250,83.33333333333333,1.1428571280148425,1.1038960895597911
male,group C,some college,standard,none,91,74,76,241,80.33333333333333,0.8131868042506945,0.8351648259871998
female,group C,associate's degree,standard,completed,83,85,90,258,86.0,1.024096373203658,1.084337336333285
female,group C,high school,standard,none,63,69,74,206,68.66666666666667,1.095238077853364,1.17460315595868
female,group C,associate's degree,standard,completed,68,86,84,238,79.33333333333333,1.2647058637543256,1.2352940994809691
female,group D,some high school,standard,none,59,67,61,187,62.333333333333336,1.1355932010916407,1.033898287561046
female,group B,associate's degree,standard,completed,90,90,91,271,90.33333333333333,0.9999999888888891,1.0111110998765434
female,group D,bachelor's degree,standard,completed,71,76,83,230,76.66666666666667,1.070422520134894,1.1690140680420553
male,group E,bachelor's degree,standard,completed,76,62,66,204,68.0,0.8157894629501387,0.8684210412049863
male,group D,associate's degree,standard,none,80,68,72,220,73.33333333333333,0.8499999893750002,0.8999999887500002
female,group D,master's degree,standard,none,55,64,70,189,63.0,1.1636363424793392,1.2727272495867774
male,group E,associate's degree,standard,none,76,71,67,214,71.33333333333333,0.9342105140235459,0.8815789357686983
male,group B,high school,standard,completed,73,71,68,212,70.66666666666667,0.9726027264027024,0.9315068365547009
female,group D,associate's degree,free/reduced,none,52,59,56,167,55.666666666666664,1.1346153627958584,1.076923056213018
male,group C,some college,free/reduced,none,68,68,61,197,65.66666666666667,0.9999999852941179,0.8970588103373704
male,group A,high school,standard,none,59,52,46,157,52.333333333333336,0.8813559172651539,0.7796610037345593
female,group B,associate's degree,standard,none,49,52,54,155,51.666666666666664,1.0612244681382763,1.1020407938359023
male,group C,high school,standard,none,70,74,71,215,71.66666666666667,1.0571428420408167,1.0142856997959186
male,group D,some college,free/reduced,none,61,47,56,164,54.666666666666664,0.7704917906476756,0.9180327718355283
female,group C,associate's degree,free/reduced,none,60,75,74,209,69.66666666666667,1.2499999791666672,1.2333333127777781
male,group B,some high school,standard,completed,64,53,57,174,58.0,0.8281249870605472,0.8906249860839847
male,group A,associate's degree,free/reduced,completed,79,82,82,243,81.0,1.037974670405384,1.037974670405384
female,group A,associate's degree,free/reduced,none,65,85,76,226,75.33333333333333,1.307692287573965,1.169230751242604
female,group C,associate's degree,standard,none,64,64,70,198,66.0,0.9999999843750003,1.0937499829101565
female,group C,some college,standard,none,83,83,90,256,85.33333333333333,0.9999999879518074,1.084337336333285
female,group C,bachelor's degree,standard,none,81,88,90,259,86.33333333333333,1.0864197396738304,1.1111110973936902
female,group B,high school,standard,none,54,64,68,186,62.0,1.1851851632373118,1.2592592359396437
male,group D,high school,standard,completed,68,64,66,198,66.0,0.9411764567474051,0.9705882210207615
female,group C,some college,standard,none,54,48,52,154,51.333333333333336,0.8888888724279839,0.9629629451303159
female,group D,some college,free/reduced,completed,59,78,76,213,71.0,1.322033875897731,1.2881355713875327
female,group B,some high school,standard,none,66,69,68,203,67.66666666666667,1.0454545296143254,1.0303030146923786
male,group E,some college,standard,none,76,71,72,219,73.0,0.9342105140235459,0.9473684085872578
female,group D,master's degree,standard,none,74,79,82,235,78.33333333333333,1.067567553140979,1.1081080931336744
female,group B,associate's degree,standard,completed,94,87,92,273,91.0,0.9255319050475329,0.9787233938433682
male,group C,some college,free/reduced,none,63,61,54,178,59.333333333333336,0.9682539528848579,0.8571428435374152
female,group E,associate's degree,standard,completed,95,89,92,276,92.0,0.9368420954016622,0.9684210424376732
female,group D,master's degree,free/reduced,none,40,59,54,153,51.0,1.474999963125001,1.3499999662500008
female,group B,some high school,standard,none,82,82,80,244,81.33333333333333,0.9999999878048782,0.9756097441998812
male,group A,high school,standard,none,68,70,66,204,68.0,1.0294117495674744,0.9705882210207615
male,group B,bachelor's degree,free/reduced,none,55,59,54,168,56.0,1.0727272532231409,0.9818181639669425
male,group C,master's degree,standard,none,79,78,77,234,78.0,0.9873417596539018,0.9746835319660313
female,group C,bachelor's degree,standard,none,86,92,87,265,88.33333333333333,1.069767429421309,1.011627895213629
male,group D,some college,standard,none,76,71,73,220,73.33333333333333,0.9342105140235459,0.9605263031509698
male,group A,some high school,standard,none,64,50,43,157,52.333333333333336,0.781249987792969,0.6718749895019533
male,group D,some high school,free/reduced,none,62,49,52,163,54.333333333333336,0.7903225678980231,0.8387096638917797
female,group B,some high school,standard,completed,54,61,62,177,59.0,1.1296296087105628,1.1481481268861458
female,group B,master's degree,free/reduced,completed,77,97,94,268,89.33333333333333,1.259740243379997,1.2207792049249455
female,group C,some high school,standard,completed,76,87,85,248,82.66666666666667,1.1447368270429366,1.1184210379155126
female,group D,some college,standard,none,74,89,84,247,82.33333333333333,1.2027026864499637,1.1351351197954713
female,group E,some college,standard,completed,66,74,73,213,71.0,1.121212104224059,1.1060605893021123
female,group D,some high school,standard,completed,66,78,78,222,74.0,1.1818181639118461,1.1818181639118461
female,group B,high school,free/reduced,completed,67,78,79,224,74.66666666666667,1.1641790871018047,1.1791044600133662
male,group D,some college,standard,none,71,49,52,172,57.333333333333336,0.6901408353501292,0.7323943558817697
female,group C,associate's degree,standard,none,91,86,84,261,87.0,0.945054934669726,0.9230769129332208
male,group D,bachelor's degree,standard,none,69,58,57,184,61.333333333333336,0.8405796979626131,0.8260869445494646
male,group C,master's degree,free/reduced,none,54,59,50,163,54.333333333333336,1.0925925723593968,0.9259259087791499
male,group C,high school,standard,completed,53,52,49,154,51.333333333333336,0.9811320569597726,0.9245282844428626
male,group E,some college,standard,none,68,60,59,187,62.333333333333336,0.8823529282006922,0.8676470460640141
male,group C,some high school,free/reduced,completed,56,61,60,177,59.0,1.089285694834184,1.0714285522959188
female,group C,high school,free/reduced,none,36,53,43,132,44.0,1.4722221813271616,1.194444411265433
female,group D,bachelor's degree,free/reduced,none,29,41,47,117,39.0,1.4137930546967912,1.6206895992865655
female,group C,associate's degree,standard,none,62,74,70,206,68.66666666666667,1.1935483678459942,1.1290322398543187
female,group C,associate's degree,standard,completed,68,67,73,208,69.33333333333333,0.9852941031574397,1.073529395977509
female,group C,some high school,standard,none,47,54,53,154,51.333333333333336,1.1489361457673162,1.1276595504753288
male,group E,associate's degree,standard,completed,62,61,58,181,60.333333333333336,0.9838709518730492,0.9354838558792927
female,group E,associate's degree,standard,completed,79,88,94,261,87.0,1.113924036532607,1.1898734026598303
male,group B,high school,standard,completed,73,69,68,210,70.0,0.9452054665040347,0.9315068365547009
female,group C,bachelor's degree,free/reduced,completed,66,83,83,232,77.33333333333333,1.2575757385215798,1.2575757385215798
male,group C,associate's degree,standard,completed,51,60,58,169,56.333333333333336,1.1764705651672438,1.137254879661669
female,group D,high school,standard,none,51,66,62,179,59.666666666666664,1.2941176216839683,1.2156862506728188
male,group E,bachelor's degree,standard,completed,85,66,71,222,74.0,0.7764705791003461,0.8352941078200693
male,group A,associate's degree,standard,completed,97,92,86,275,91.66666666666667,0.9484535984695506,0.8865979290041451
male,group C,high school,standard,completed,75,69,68,212,70.66666666666667,0.9199999877333336,0.906666654577778
male,group D,associate's degree,free/reduced,completed,79,82,80,241,80.33333333333333,1.037974670405384,1.0126582150296428
female,group C,associate's degree,standard,none,81,77,79,237,79.0,0.9506172722146016,0.9753086299344614
female,group D,associate's degree,standard,none,82,95,89,266,88.66666666666667,1.158536571237359,1.0853658404223678
female,group D,master's degree,standard,none,64,63,66,193,64.33333333333333,0.9843749846191409,1.031249983886719
male,group E,some high school,free/reduced,completed,78,83,80,241,80.33333333333333,1.0641025504602237,1.0256410124917819
female,group A,some high school,standard,completed,92,100,97,289,96.33333333333333,1.0869565099243859,1.0543478146266543
male,group C,high school,standard,completed,72,67,64,203,67.66666666666667,0.930555542631173,0.88888887654321
female,group C,high school,free/reduced,none,62,67,64,193,64.33333333333333,1.0806451438605622,1.0322580478668058
male,group C,master's degree,standard,none,79,72,69,220,73.33333333333333,0.9113923935266786,0.8734177104630669
male,group C,some high school,free/reduced,none,79,76,65,220,73.33333333333333,0.9620253042781607,0.8227847997115848
male,group B,bachelor's degree,free/reduced,completed,87,90,88,265,88.33333333333333,1.0344827467300834,1.0114942412471926
female,group B,associate's degree,standard,none,40,48,50,138,46.0,1.1999999700000008,1.249999968750001
male,group D,some college,free/reduced,none,77,62,64,203,67.66666666666667,0.8051947947377299,0.831168820374431
male,group E,associate's degree,standard,none,53,45,40,138,46.0,0.8490565877536493,0.7547169668921327
female,group C,some college,free/reduced,none,32,39,33,104,34.666666666666664,1.2187499619140638,1.0312499677734386
female,group C,associate's degree,standard,completed,55,72,79,206,68.66666666666667,1.3090908852892567,1.4363636102479345
male,group C,master's degree,free/reduced,none,61,67,66,194,64.66666666666667,1.098360637731793,1.081967195377587
female,group B,associate's degree,free/reduced,none,53,70,70,193,64.33333333333333,1.3207546920612323,1.3207546920612323
male,group D,some high school,standard,none,73,66,62,201,67.0,0.9041095766560332,0.8493150568586979
female,group D,some college,standard,completed,74,75,79,228,76.0,1.0135134998173851,1.067567553140979
female,group C,some college,standard,none,63,74,74,211,70.33333333333333,1.17460315595868,1.17460315595868
male,group C,bachelor's degree,standard,completed,96,90,92,278,92.66666666666667,0.9374999902343751,0.9583333233506945
female,group D,some college,free/reduced,completed,63,80,80,223,74.33333333333333,1.2698412496850595,1.2698412496850595
male,group B,bachelor's degree,free/reduced,none,48,51,46,145,48.333333333333336,1.0624999778645838,0.958333313368056
male,group B,associate's degree,standard,none,48,43,45,136,45.333333333333336,0.8958333146701394,0.9374999804687505
female,group E,bachelor's degree,free/reduced,completed,92,100,100,292,97.33333333333333,1.0869565099243859,1.0869565099243859
female,group D,master's degree,free/reduced,completed,61,71,78,210,70.0,1.1639344071486164,1.2786885036280573
male,group B,high school,free/reduced,none,63,48,47,158,52.666666666666664,0.7619047498110357,0.7460317341899725
male,group D,bachelor's degree,free/reduced,none,68,68,67,203,67.66666666666667,0.9999999852941179,0.9852941031574397
male,group B,some college,standard,completed,71,75,70,216,72.0,1.0563380132910138,0.985915479071613
male,group A,bachelor's degree,standard,none,91,96,92,279,93.0,1.0549450433522523,1.0109889998792418
female,group C,some college,standard,none,53,62,56,171,57.0,1.1698112986828058,1.0566037536489858
female,group C,high school,free/reduced,completed,50,66,64,180,60.0,1.3199999736000005,1.2799999744000006
female,group E,high school,standard,none,74,81,71,226,75.33333333333333,1.094594579802776,0.9594594464937913
male,group A,associate's degree,free/reduced,completed,40,55,53,148,49.333333333333336,1.374999965625001,1.324999966875001
male,group A,some college,standard,completed,61,51,52,164,54.666666666666664,0.8360655600644991,0.8524590024187049
female,group B,high school,standard,none,81,91,89,261,87.0,1.12345677625362,1.0987654185337603
female,group B,some college,free/reduced,completed,48,56,58,162,54.0,1.1666666423611116,1.2083333081597227
female,group D,master's degree,standard,none,53,61,68,182,60.666666666666664,1.1509433745105024,1.2830188437166257
female,group D,some high school,standard,none,81,97,96,274,91.33333333333333,1.1975308494131993,1.1851851705532694
female,group E,some high school,standard,none,77,79,80,236,78.66666666666667,1.0259740126496881,1.0389610254680386
female,group D,bachelor's degree,free/reduced,none,63,73,78,214,71.33333333333333,1.158730140337617,1.238095218442933
female,group D,associate's degree,standard,completed,73,75,80,228,76.0,1.0273972462000378,1.095890395946707
female,group D,some college,standard,none,69,77,77,223,74.33333333333333,1.1159420128124347,1.1159420128124347
female,group C,associate's degree,standard,none,65,76,76,217,72.33333333333333,1.169230751242604,1.169230751242604
female,group A,high school,standard,none,55,73,73,201,67.0,1.3272727031404963,1.3272727031404963
female,group C,bachelor's degree,free/reduced,none,44,63,62,169,56.333333333333336,1.4318181492768602,1.4090908770661166
female,group C,some college,standard,none,54,64,65,183,61.0,1.1851851632373118,1.2037036814128947
female,group A,some high school,standard,none,48,66,65,179,59.666666666666664,1.3749999713541674,1.3541666384548618
male,group C,some college,free/reduced,none,58,57,54,169,56.333333333333336,0.9827586037455414,0.9310344667063023
male,group A,some high school,standard,none,71,62,50,183,61.0,0.8732394243205716,0.7042253421940093
male,group E,bachelor's degree,standard,none,68,68,64,200,66.66666666666667,0.9999999852941179,0.9411764567474051
female,group E,high school,standard,none,74,76,73,223,74.33333333333333,1.0270270131482837,0.9864864731555882
female,group C,bachelor's degree,standard,completed,92,100,99,291,97.0,1.0869565099243859,1.076086944825142
female,group C,bachelor's degree,standard,completed,56,79,72,207,69.0,1.4107142605229597,1.2857142627551026
male,group B,high school,free/reduced,none,30,24,15,69,23.0,0.7999999733333342,0.4999999833333339
male,group A,some high school,standard,none,53,54,48,155,51.666666666666664,1.0188679053043792,0.9056603602705593
female,group D,high school,standard,none,69,77,73,219,73.0,1.1159420128124347,1.0579709991598407
female,group D,some high school,standard,none,65,82,81,228,76.0,1.2615384421301779,1.246153826982249
female,group D,master's degree,standard,none,54,60,63,177,59.0,1.11111109053498,1.166666645061729
female,group C,high school,standard,none,29,29,30,88,29.333333333333332,0.9999999655172426,1.0344827229488716
female,group E,some college,standard,none,76,78,80,234,78.0,1.0263157759695294,1.052631565096953
male,group D,high school,free/reduced,none,60,57,51,168,56.0,0.949999984166667,0.8499999858333336
male,group D,master's degree,free/reduced,completed,84,89,90,263,87.66666666666667,1.059523796910431,1.0714285586734695
male,group C,some high school,standard,none,75,72,62,209,69.66666666666667,0.9599999872000002,0.8266666556444446
female,group C,associate's degree,standard,none,85,84,82,251,83.66666666666667,0.9882352824913496,0.9647058710034604
female,group C,master's degree,free/reduced,none,40,58,54,152,50.666666666666664,1.449999963750001,1.3499999662500008
female,group E,some college,standard,none,61,64,62,187,62.333333333333336,1.0491803106691753,1.0163934259607637
female,group B,associate's degree,standard,none,58,63,65,186,62.0,1.0862068778240195,1.1206896358501788
male,group D,some college,free/reduced,completed,69,60,63,192,64.0,0.8695652047889101,0.9130434650283556
female,group C,some college,standard,none,58,59,66,183,61.0,1.0172413617717007,1.1379310148632584
male,group C,bachelor's degree,standard,completed,94,90,91,275,91.66666666666667,0.9574467983250341,0.9680850960842011
female,group C,associate's degree,standard,none,65,77,74,216,72.0,1.1846153663905328,1.138461520946746
female,group A,associate's degree,standard,none,82,93,93,268,89.33333333333333,1.1341463276323618,1.1341463276323618
female,group C,high school,standard,none,60,68,72,200,66.66666666666667,1.1333333144444449,1.1999999800000003
female,group E,bachelor's degree,standard,none,37,45,38,120,40.0,1.2162161833455087,1.0270269992695407
male,group D,bachelor's degree,standard,none,88,78,83,249,83.0,0.8863636262913225,0.9431818074638432
male,group D,master's degree,standard,none,95,81,84,260,86.66666666666667,0.8526315699722993,0.8842105170083103
male,group C,associate's degree,free/reduced,completed,65,73,68,206,68.66666666666667,1.1230769057988168,1.046153830059172
female,group C,high school,free/reduced,none,35,61,54,150,50.0,1.742857093061226,1.5428570987755115
male,group B,bachelor's degree,free/reduced,none,62,63,56,181,60.333333333333336,1.016129015868887,0.903225791883455
male,group C,high school,free/reduced,completed,58,51,52,161,53.666666666666664,0.8793103296670634,0.896551708680143
male,group A,some college,standard,completed,100,96,86,282,94.0,0.9599999904000002,0.8599999914
female,group E,bachelor's degree,free/reduced,none,61,58,62,181,60.333333333333336,0.9508196565439401,1.0163934259607637
male,group D,some college,standard,completed,100,97,99,296,98.66666666666667,0.9699999903000002,0.9899999901000002
male,group B,associate's degree,free/reduced,completed,69,70,63,202,67.33333333333333,1.014492738920395,0.9130434650283556
male,group D,associate's degree,standard,none,61,48,46,155,51.666666666666664,0.7868852330018815,0.7540983482934698
male,group D,some college,free/reduced,none,49,57,46,152,50.666666666666664,1.1632652823823413,0.9387754910453981
female,group C,some high school,standard,completed,44,51,55,150,50.0,1.1590908827479345,1.2499999715909098
male,group D,some college,standard,none,67,64,70,201,67.0,0.9552238663399424,1.044776103809312
male,group B,high school,standard,none,79,60,65,204,68.0,0.7594936612722322,0.8227847997115848
female,group B,bachelor's degree,standard,completed,66,74,81,221,73.66666666666667,1.121212104224059,1.2272727086776862
female,group C,high school,standard,none,75,88,85,248,82.66666666666667,1.1733333176888892,1.1333333182222225
male,group D,some high school,standard,none,84,84,80,248,82.66666666666667,0.9999999880952383,0.952380941043084
male,group A,high school,standard,none,71,74,64,209,69.66666666666667,1.0422535064471337,0.9014084380083319
female,group B,high school,free/reduced,completed,67,80,81,228,76.0,1.194029832924928,1.2089552058364894
female,group D,some high school,standard,completed,80,92,88,260,86.66666666666667,1.1499999856250003,1.0999999862500003
male,group E,some college,standard,none,86,76,74,236,78.66666666666667,0.8837209199567335,0.8604651062736616
female,group D,associate's degree,standard,none,76,74,73,223,74.33333333333333,0.9736841977146816,0.9605263031509698
male,group D,high school,standard,none,41,52,51,144,48.0,1.2682926519928621,1.2439024086853072
female,group D,associate's degree,free/reduced,completed,74,88,90,252,84.0,1.1891891731190654,1.2162161997808623
female,group B,some high school,free/reduced,none,72,81,79,232,77.33333333333333,1.1249999843750003,1.0972222069830249
female,group E,high school,standard,completed,74,79,80,233,77.66666666666667,1.067567553140979,1.0810810664718775
male,group B,high school,standard,none,70,65,60,195,65.0,0.9285714153061226,0.8571428448979594
female,group B,bachelor's degree,standard,completed,65,81,81,227,75.66666666666667,1.246153826982249,1.246153826982249
female,group D,associate's degree,standard,none,59,70,65,194,64.66666666666667,1.186440657856938,1.1016948965814424
female,group E,high school,free/reduced,none,64,62,68,194,64.66666666666667,0.9687499848632816,1.0624999833984379
female,group B,high school,standard,none,50,53,55,158,52.666666666666664,1.0599999788000005,1.0999999780000005
female,group D,some college,standard,completed,69,79,81,229,76.33333333333333,1.1449275196387316,1.1739130264650286
male,group C,some high school,free/reduced,completed,51,56,53,160,53.333333333333336,1.0980391941560943,1.039215665897732
female,group A,high school,standard,completed,68,80,76,224,74.66666666666667,1.1764705709342564,1.1176470423875435
female,group D,some college,standard,completed,85,86,98,269,89.66666666666667,1.0117646939792388,1.1529411629065747
female,group A,associate's degree,standard,completed,65,70,74,209,69.66666666666667,1.07692306035503,1.138461520946746
female,group B,some high school,standard,none,73,79,79,231,77.0,1.0821917659973732,1.0821917659973732
female,group B,some college,standard,none,62,67,67,196,65.33333333333333,1.0806451438605622,1.0806451438605622
male,group C,associate's degree,free/reduced,none,77,67,64,208,69.33333333333333,0.8701298588294823,0.831168820374431
male,group D,some high school,standard,none,69,66,61,196,65.33333333333333,0.9565217252678011,0.8840579582020586
female,group D,associate's degree,free/reduced,none,43,60,58,161,53.666666666666664,1.39534880475933,1.3488371779340191
male,group D,associate's degree,standard,none,90,87,85,262,87.33333333333333,0.966666655925926,0.9444444339506174
male,group C,some college,free/reduced,none,74,77,73,224,74.66666666666667,1.040540526479182,0.9864864731555882
male,group C,some high school,standard,none,73,66,63,202,67.33333333333333,0.9041095766560332,0.8630136868080317
female,group D,some college,free/reduced,none,55,71,69,195,65.0,1.290909067438017,1.2545454317355376
female,group C,high school,standard,none,65,69,67,201,67.0,1.0615384452071008,1.0307692149112428
male,group D,associate's degree,standard,none,80,63,63,206,68.66666666666667,0.7874999901562502,0.7874999901562502
female,group C,some high school,free/reduced,completed,50,60,60,170,56.666666666666664,1.1999999760000006,1.1999999760000006
female,group C,some college,free/reduced,completed,63,73,71,207,69.0,1.158730140337617,1.1269841090954904
female,group B,bachelor's degree,free/reduced,none,77,85,87,249,83.0,1.1038960895597911,1.129870115196492
male,group C,some college,standard,none,73,74,61,208,69.33333333333333,1.013698616250704,0.835616426909364
male,group D,associate's degree,standard,completed,81,72,77,230,76.66666666666667,0.8888888779149522,0.9506172722146016
female,group C,high school,free/reduced,none,66,76,68,210,70.0,1.1515151340679526,1.0303030146923786
male,group D,associate's degree,free/reduced,none,52,57,50,159,53.0,1.0961538250739649,0.9615384430473377
female,group C,some college,standard,none,69,78,76,223,74.33333333333333,1.1304347662255831,1.1014492593992862
female,group C,associate's degree,standard,completed,65,84,84,233,77.66666666666667,1.2923076724260358,1.2923076724260358
female,group D,high school,standard,completed,69,77,78,224,74.66666666666667,1.1159420128124347,1.1304347662255831
female,group B,some college,standard,completed,50,64,66,180,60.0,1.2799999744000006,1.3199999736000005
female,group E,some college,standard,completed,73,78,76,227,75.66666666666667,1.0684931360480392,1.0410958761493716
female,group C,some high school,standard,completed,70,82,76,228,76.0,1.1714285546938779,1.0857142702040818
male,group D,associate's degree,free/reduced,none,81,75,78,234,78.0,0.9259259144947418,0.9629629510745314
male,group D,some college,free/reduced,none,63,61,60,184,61.333333333333336,0.9682539528848579,0.9523809372637947
female,group D,high school,standard,none,67,72,74,213,71.0,1.0746268496324352,1.1044775954555583
male,group B,high school,standard,none,60,68,60,188,62.666666666666664,1.1333333144444449,0.9999999833333336
male,group B,high school,standard,none,62,55,54,171,57.0,0.8870967598855362,0.8709677278876173
female,group C,some high school,free/reduced,completed,29,40,44,113,37.666666666666664,1.379310297265162,1.5172413269916782
male,group B,some college,standard,completed,62,66,68,196,65.33333333333333,1.0645161118626434,1.096774175858481
female,group E,master's degree,standard,completed,94,99,100,293,97.66666666666667,1.0531914781575376,1.0638297759167046
male,group E,some college,standard,completed,85,75,68,228,76.0,0.8823529307958479,0.7999999905882355
male,group D,associate's degree,free/reduced,none,77,78,73,228,76.0,1.0129869998313377,0.9480519357395852
male,group A,high school,free/reduced,none,53,58,44,155,51.666666666666664,1.0943396019935925,0.830188663581346
male,group E,some college,free/reduced,none,93,90,83,266,88.66666666666667,0.9677419250780438,0.8924731086830848
female,group C,associate's degree,standard,none,49,53,53,155,51.666666666666664,1.0816326309870892,1.0816326309870892
female,group E,associate's degree,free/reduced,none,73,76,78,227,75.66666666666667,1.0410958761493716,1.0684931360480392
female,group C,bachelor's degree,free/reduced,completed,66,74,81,221,73.66666666666667,1.121212104224059,1.2272727086776862
female,group D,associate's degree,standard,none,77,77,73,227,75.66666666666667,0.9999999870129872,0.9480519357395852
female,group C,some high school,standard,none,49,63,56,168,56.0,1.2857142594752193,1.1428571195335282
female,group D,some college,free/reduced,none,79,89,86,254,84.66666666666667,1.1265822642204777,1.088607581156866
female,group C,associate's degree,standard,completed,75,82,90,247,82.33333333333333,1.0933333187555558,1.1999999840000002
female,group A,bachelor's degree,standard,none,59,72,70,201,67.0,1.2203389623671363,1.186440657856938
female,group D,associate's degree,standard,completed,57,78,79,214,71.33333333333333,1.3684210286241925,1.3859648879655284
male,group C,high school,free/reduced,none,66,66,59,191,63.666666666666664,0.9999999848484851,0.8939393803948579
female,group E,bachelor's degree,standard,completed,79,81,82,242,80.66666666666667,1.0253164427175134,1.037974670405384
female,group B,some high school,standard,none,57,67,72,196,65.33333333333333,1.1754385758694987,1.2631578725761776
male,group A,bachelor's degree,standard,completed,87,84,87,258,86.0,0.9655172302814111,0.9999999885057473
female,group D,some college,standard,none,63,64,67,194,64.66666666666667,1.0158729997480476,1.0634920466112374
female,group B,some high school,free/reduced,completed,59,63,64,186,62.0,1.0677965920712442,1.0847457443263433
male,group A,bachelor's degree,free/reduced,none,62,72,65,199,66.33333333333333,1.1612903038501565,1.0483870798647246
male,group D,high school,standard,none,46,34,36,116,38.666666666666664,0.7391304187145562,0.7826086786389418
male,group C,some college,standard,none,66,59,52,177,59.0,0.8939393803948579,0.7878787759412307
male,group D,high school,standard,none,89,87,79,255,85.0,0.9775280789041789,0.8876404394647142
female,group D,associate's degree,free/reduced,completed,42,61,58,161,53.666666666666664,1.4523809178004545,1.3809523480725632
male,group C,some college,standard,completed,93,84,90,267,89.0,0.9032257967395075,0.9677419250780438
female,group E,some high school,standard,completed,80,85,85,250,83.33333333333333,1.0624999867187501,1.0624999867187501
female,group D,some college,standard,none,98,100,99,297,99.0,1.020408152852978,1.0102040713244482
male,group D,master's degree,standard,none,81,81,84,246,82.0,0.9999999876543212,1.037037024234111
female,group B,some high school,standard,completed,60,70,74,204,68.0,1.1666666472222227,1.2333333127777781
female,group B,associate's degree,free/reduced,completed,76,94,87,257,85.66666666666667,1.23684208898892,1.1447368270429366
male,group C,associate's degree,standard,completed,73,78,72,223,74.33333333333333,1.0684931360480392,0.9863013563520362
female,group C,associate's degree,standard,completed,96,96,99,291,97.0,0.9999999895833335,1.0312499892578126
female,group C,high school,standard,none,76,76,74,226,75.33333333333333,0.9999999868421054,0.9736841977146816
male,group E,associate's degree,free/reduced,completed,91,73,80,244,81.33333333333333,0.8021977933824419,0.8791208694602103
female,group C,some college,free/reduced,none,62,72,70,204,68.0,1.1612903038501565,1.1290322398543187
male,group D,some high school,free/reduced,completed,55,59,59,173,57.666666666666664,1.0727272532231409,1.0727272532231409
female,group B,some high school,free/reduced,completed,74,90,88,252,84.0,1.2162161997808623,1.1891891731190654
male,group C,high school,standard,none,50,48,42,140,46.666666666666664,0.9599999808000005,0.8399999832000004
male,group B,some college,standard,none,47,43,41,131,43.666666666666664,0.9148935975554554,0.8723404069714807
male,group E,some college,standard,completed,81,74,71,226,75.33333333333333,0.9135802356348119,0.8765431990550223
female,group E,associate's degree,standard,completed,65,75,77,217,72.33333333333333,1.1538461360946748,1.1846153663905328
male,group E,some high school,standard,completed,68,51,57,176,58.666666666666664,0.7499999889705884,0.8382352817906576
female,group D,high school,free/reduced,none,73,92,84,249,83.0,1.260273955338713,1.1506849157440422
male,group C,some college,standard,none,53,39,37,129,43.0,0.7358490427198294,0.6981131943752228
female,group B,associate's degree,free/reduced,completed,68,77,80,225,75.0,1.1323529245242216,1.1764705709342564
male,group A,some high school,free/reduced,none,55,46,43,144,48.0,0.8363636211570251,0.781818167603306
female,group C,some college,standard,completed,87,89,94,270,90.0,1.022988493988638,1.0804597576958648
male,group D,some high school,standard,none,55,47,44,146,48.666666666666664,0.8545454390082647,0.7999999854545458
female,group E,some college,free/reduced,none,53,58,57,168,56.0,1.0943396019935925,1.0754716778212892
male,group C,master's degree,standard,none,67,57,59,183,61.0,0.8507462559590111,0.8805970017821343
male,group C,associate's degree,standard,none,92,79,84,255,85.0,0.8586956428402648,0.9130434683364841
female,group B,some college,free/reduced,completed,53,66,73,192,64.0,1.245282995372019,1.3773584645781423
male,group D,associate's degree,standard,none,81,71,73,225,75.0,0.8765431990550223,0.9012345567748821
male,group C,high school,free/reduced,none,61,60,55,176,58.666666666666664,0.9836065412523518,0.9016393294813225
male,group D,bachelor's degree,standard,none,80,73,72,225,75.0,0.9124999885937501,0.8999999887500002
female,group A,associate's degree,free/reduced,none,37,57,56,150,50.0,1.540540498904311,1.5135134726077442
female,group C,high school,standard,none,81,84,82,247,82.33333333333333,1.037037024234111,1.012345666514251
female,group C,associate's degree,standard,completed,59,73,72,204,68.0,1.2372881146222354,1.2203389623671363
male,group B,some college,free/reduced,none,55,55,47,157,52.333333333333336,0.9999999818181822,0.8545454390082647
male,group D,associate's degree,standard,none,72,79,74,225,75.0,1.0972222069830249,1.0277777635030867
male,group D,high school,standard,none,69,75,71,215,71.66666666666667,1.0869565059861377,1.0289854923335435
male,group C,some college,standard,none,69,64,68,201,67.0,0.9275362184415041,0.9855072320940981
female,group C,bachelor's degree,free/reduced,none,50,60,59,169,56.333333333333336,1.1999999760000006,1.1799999764000004
male,group B,some college,standard,completed,87,84,86,257,85.66666666666667,0.9655172302814111,0.9885057357643019
male,group D,some high school,standard,completed,71,69,68,208,69.33333333333333,0.9718309722277328,0.9577464653838527
male,group E,some college,standard,none,68,72,65,205,68.33333333333333,1.0588235138408306,0.9558823388840832
male,group C,master's degree,free/reduced,completed,79,77,75,231,77.0,0.9746835319660313,0.9493670765902902
female,group C,some high school,standard,completed,77,90,85,252,84.0,1.1688311536515434,1.1038960895597911
male,group C,associate's degree,free/reduced,none,58,55,53,166,55.333333333333336,0.9482758457193821,0.9137930876932226
female,group E,associate's degree,standard,none,84,95,92,271,90.33333333333333,1.1309523674886623,1.0952380821995467
male,group D,some college,standard,none,55,58,52,165,55.0,1.0545454353719013,0.9454545282644632
male,group E,bachelor's degree,free/reduced,completed,70,68,72,210,70.0,0.9714285575510206,1.0285714138775512
female,group D,some college,free/reduced,completed,52,59,65,176,58.666666666666664,1.1346153627958584,1.249999975961539
male,group B,some college,standard,completed,69,77,77,223,74.33333333333333,1.1159420128124347,1.1159420128124347
female,group C,high school,free/reduced,none,53,72,64,189,63.0,1.358490540405839,1.2075471470274124
female,group D,some high school,standard,none,48,58,54,160,53.333333333333336,1.2083333081597227,1.1249999765625005
male,group D,some high school,standard,completed,78,81,86,245,81.66666666666667,1.0384615251479292,1.1025640884286656
female,group B,high school,standard,none,62,62,63,187,62.333333333333336,0.999999983870968,1.016129015868887
male,group D,some college,standard,none,60,63,59,182,60.666666666666664,1.0499999825000004,0.9833333169444448
female,group B,high school,standard,none,74,72,72,218,72.66666666666667,0.9729729598246898,0.9729729598246898
female,group C,high school,standard,completed,58,75,77,210,70.0,1.2931034259809755,1.3275861840071348
male,group B,high school,standard,completed,76,62,60,198,66.0,0.8157894629501387,0.7894736738227148
female,group D,some high school,standard,none,68,71,75,214,71.33333333333333,1.0441176317041525,1.1029411602508654
male,group A,some college,free/reduced,none,58,60,57,175,58.333333333333336,1.0344827407847803,0.9827586037455414
male,group B,high school,standard,none,52,48,49,149,49.666666666666664,0.9230769053254442,0.9423076741863909
male,group D,bachelor's degree,standard,none,75,73,74,222,74.0,0.9733333203555558,0.9866666535111113
female,group B,some high school,free/reduced,completed,52,67,72,191,63.666666666666664,1.2884615136834325,1.3846153579881662
female,group C,bachelor's degree,free/reduced,none,62,78,79,219,73.0,1.2580644958376694,1.2741935278355883
male,group B,some college,standard,none,66,65,60,191,63.666666666666664,0.9848484699265384,0.9090908953168046
female,group B,some high school,free/reduced,none,49,58,55,162,54.0,1.1836734452311541,1.1224489566847153
female,group B,high school,standard,none,66,72,70,208,69.33333333333333,1.0909090743801655,1.0606060445362722
female,group C,some college,free/reduced,none,35,44,43,122,40.666666666666664,1.2571428212244908,1.228571393469389
female,group A,some college,standard,completed,72,79,82,233,77.66666666666667,1.0972222069830249,1.1388888730709879
male,group E,associate's degree,standard,completed,94,85,82,261,87.0,0.9042553095291989,0.8723404162516977
female,group D,associate's degree,free/reduced,none,46,56,57,159,53.0,1.2173912778827984,1.2391304078449912
female,group B,master's degree,standard,none,77,90,84,251,83.66666666666667,1.1688311536515434,1.0909090767414407
female,group B,high school,free/reduced,completed,76,85,82,243,81.0,1.1184210379155126,1.078947354224377
female,group C,associate's degree,standard,completed,52,59,62,173,57.666666666666664,1.1346153627958584,1.1923076693786987
male,group C,bachelor's degree,standard,completed,91,81,79,251,83.66666666666667,0.8901098803284628,0.8681318585919576
female,group B,some high school,standard,completed,32,51,44,127,42.333333333333336,1.5937499501953143,1.3749999570312514
female,group E,some high school,free/reduced,none,72,79,77,228,76.0,1.0972222069830249,1.0694444295910497
female,group B,some college,standard,none,19,38,32,89,29.666666666666668,1.9999998947368476,1.6842104376731348
male,group C,associate's degree,free/reduced,none,68,65,61,194,64.66666666666667,0.9558823388840832,0.8970588103373704
female,group C,master's degree,free/reduced,none,52,65,61,178,59.333333333333336,1.249999975961539,1.173076900517752
female,group B,high school,standard,none,48,62,60,170,56.666666666666664,1.2916666397569452,1.2499999739583338
female,group D,some college,free/reduced,none,60,66,70,196,65.33333333333333,1.099999981666667,1.1666666472222227
male,group D,high school,free/reduced,none,66,74,69,209,69.66666666666667,1.121212104224059,1.0454545296143254
male,group E,some high school,standard,completed,89,84,77,250,83.33333333333333,0.9438202141143797,0.865168529604848
female,group B,high school,standard,none,42,52,51,145,48.333333333333336,1.238095208616781,1.2142856853741504
female,group E,associate's degree,free/reduced,completed,57,68,73,198,66.0,1.1929824352108345,1.2807017319175136
male,group D,high school,standard,none,70,70,70,210,70.0,0.9999999857142859,0.9999999857142859
female,group E,associate's degree,free/reduced,none,70,84,81,235,78.33333333333333,1.199999982857143,1.1571428406122453
male,group E,some college,standard,none,69,60,54,183,61.0,0.8695652047889101,0.7826086843100191
female,group C,associate's degree,standard,none,52,55,57,164,54.666666666666664,1.0576922873520715,1.0961538250739649
male,group C,some high school,standard,completed,67,73,68,208,69.33333333333333,1.0895522225439966,1.0149253579861888
male,group C,some high school,standard,completed,76,80,73,229,76.33333333333333,1.052631565096953,0.9605263031509698
female,group E,associate's degree,standard,none,87,94,95,276,92.0,1.0804597576958648,1.0919540104373102
female,group B,some college,standard,none,82,85,87,254,84.66666666666667,1.0365853532123739,1.0609755968173709
female,group C,some college,standard,none,73,76,78,227,75.66666666666667,1.0410958761493716,1.0684931360480392
male,group A,some college,free/reduced,none,75,81,74,230,76.66666666666667,1.0799999856000002,0.9866666535111113
female,group D,some college,free/reduced,none,64,74,75,213,71.0,1.156249981933594,1.1718749816894534
female,group E,high school,free/reduced,none,41,45,40,126,42.0,1.097560948839977,0.9756097323022017
male,group C,high school,standard,none,90,75,69,234,78.0,0.8333333240740742,0.7666666581481483
male,group B,bachelor's degree,standard,none,59,54,51,164,54.666666666666664,0.9152542217753522,0.8644067650100549
male,group A,some high school,standard,none,51,31,36,118,39.333333333333336,0.6078431253364094,0.7058823391003464
male,group A,high school,free/reduced,none,45,47,49,141,47.0,1.0444444212345685,1.0888888646913586
female,group C,master's degree,standard,completed,54,64,67,185,61.666666666666664,1.1851851632373118,1.2407407177640608
male,group E,some high school,standard,completed,87,84,76,247,82.33333333333333,0.9655172302814111,0.8735632083498482
female,group C,high school,standard,none,72,80,83,235,78.33333333333333,1.1111110956790127,1.1527777617669757
male,group B,some high school,standard,completed,94,86,87,267,89.0,0.9148936072883659,0.9255319050475329
female,group A,bachelor's degree,standard,none,45,59,64,168,56.0,1.3111110819753093,1.4222221906172847
male,group D,bachelor's degree,free/reduced,completed,61,70,76,207,69.0,1.1475409647944104,1.2459016189196457
female,group B,high school,free/reduced,none,60,72,68,200,66.66666666666667,1.1999999800000003,1.1333333144444449
female,group C,some high school,standard,none,77,91,88,256,85.33333333333333,1.181818166469894,1.1428571280148425
female,group A,some high school,standard,completed,85,90,92,267,89.0,1.0588235169550175,1.0823529284429068
female,group D,bachelor's degree,free/reduced,none,78,90,93,261,87.0,1.1538461390532546,1.1923076770216965
male,group E,some college,free/reduced,completed,49,52,51,152,50.666666666666664,1.0612244681382763,1.0408163052894632
female,group B,high school,free/reduced,none,71,87,82,240,80.0,1.225352095417576,1.1549295611981751
female,group C,some high school,free/reduced,none,48,58,52,158,52.666666666666664,1.2083333081597227,1.0833333107638894
male,group C,high school,standard,none,62,67,58,187,62.333333333333336,1.0806451438605622,0.9354838558792927
female,group C,associate's degree,free/reduced,completed,56,68,70,194,64.66666666666667,1.2142856926020413,1.249999977678572
female,group C,some high school,standard,none,65,69,76,210,70.0,1.0615384452071008,1.169230751242604
female,group D,some high school,free/reduced,completed,69,86,81,236,78.66666666666667,1.2463767935307712,1.1739130264650286
male,group B,some high school,standard,none,68,54,53,175,58.333333333333336,0.7941176353806231,0.7794117532439448
female,group A,some college,free/reduced,none,61,60,57,178,59.333333333333336,0.9836065412523518,0.9344262141897343
female,group C,bachelor's degree,free/reduced,completed,74,86,89,249,83.0,1.1621621464572682,1.2027026864499637
male,group A,bachelor's degree,standard,none,64,60,58,182,60.666666666666664,0.9374999853515628,0.906249985839844
female,group B,high school,standard,completed,77,82,89,248,82.66666666666667,1.0649350511047397,1.155844140833193
male,group B,some college,standard,none,58,50,45,153,51.0,0.8620689506539837,0.7758620555885852
female,group C,high school,standard,completed,60,64,74,198,66.0,1.0666666488888892,1.2333333127777781
male,group E,high school,standard,none,73,64,57,194,64.66666666666667,0.8767123167573656,0.7808219071120287
female,group A,high school,standard,completed,75,82,79,236,78.66666666666667,1.0933333187555558,1.0533333192888892
male,group B,associate's degree,free/reduced,completed,58,57,53,168,56.0,0.9827586037455414,0.9137930876932226
female,group C,associate's degree,standard,none,66,77,73,216,72.0,1.1666666489898994,1.1060605893021123
female,group D,high school,free/reduced,none,39,52,46,137,45.666666666666664,1.3333332991453002,1.1794871492439194
male,group C,some high school,standard,none,64,58,51,173,57.666666666666664,0.906249985839844,0.7968749875488284
female,group B,high school,free/reduced,completed,23,44,36,103,34.333333333333336,1.9130433950850696,1.5652173232514206
male,group B,some college,free/reduced,completed,74,77,76,227,75.66666666666667,1.040540526479182,1.0270270131482837
female,group D,some high school,free/reduced,completed,40,65,64,169,56.333333333333336,1.624999959375001,1.599999960000001
male,group E,master's degree,standard,none,90,85,84,259,86.33333333333333,0.9444444339506174,0.9333333229629631
male,group C,master's degree,standard,completed,91,85,85,261,87.0,0.9340659238014734,0.9340659238014734
male,group D,high school,standard,none,64,54,50,168,56.0,0.8437499868164064,0.781249987792969
female,group C,high school,standard,none,59,72,68,199,66.33333333333333,1.2203389623671363,1.1525423533467398
male,group D,associate's degree,standard,none,80,75,69,224,74.66666666666667,0.9374999882812501,0.8624999892187502
male,group C,master's degree,standard,none,71,67,67,205,68.33333333333333,0.9436619585399725,0.9436619585399725
female,group A,high school,standard,none,61,68,63,192,64.0,1.1147540800859987,1.0327868683149695
female,group E,some college,standard,none,87,85,93,265,88.33333333333333,0.9770114830228566,1.0689655049544196
male,group E,some high school,standard,none,82,67,61,210,70.0,0.8170731607674006,0.7439024299524094
male,group C,some high school,standard,none,62,64,55,181,60.333333333333336,1.0322580478668058,0.8870967598855362
female,group B,bachelor's degree,standard,none,97,97,96,290,96.66666666666667,0.9999999896907218,0.9896907114464876
male,group B,some college,free/reduced,none,75,68,65,208,69.33333333333333,0.906666654577778,0.8666666551111113
female,group C,bachelor's degree,standard,none,65,79,81,225,75.0,1.2153845966863908,1.246153826982249
male,group B,high school,standard,completed,52,49,46,147,49.0,0.9423076741863909,0.8846153676035506
male,group C,associate's degree,free/reduced,none,87,73,72,232,77.33333333333333,0.8390804501255121,0.8275861973840667
female,group C,associate's degree,standard,none,53,62,53,168,56.0,1.1698112986828058,0.9999999811320759
female,group E,master's degree,free/reduced,none,81,86,87,254,84.66666666666667,1.0617283819539707,1.0740740608139006
male,group D,bachelor's degree,free/reduced,completed,39,42,38,119,39.666666666666664,1.0769230493096655,0.9743589493754116
female,group C,some college,standard,completed,71,71,80,222,74.0,0.9999999859154932,1.1267605475104148
male,group C,associate's degree,standard,none,97,93,91,281,93.66666666666667,0.9587628767137848,0.9381443202253164
male,group D,some college,standard,completed,82,82,88,252,84.0,0.9999999878048782,1.0731707186198693
male,group C,high school,free/reduced,none,59,53,52,164,54.666666666666664,0.8983050695202531,0.8813559172651539
male,group B,associate's degree,standard,none,61,42,41,144,48.0,0.6885245788766463,0.6721311365224404
male,group E,associate's degree,free/reduced,completed,78,74,72,224,74.66666666666667,0.9487179365548983,0.9230769112426037
male,group C,associate's degree,free/reduced,none,49,51,51,151,50.333333333333336,1.0408163052894632,1.0408163052894632
male,group B,high school,standard,none,59,58,47,164,54.666666666666664,0.9830508307957486,0.7966101559896585
female,group C,some college,standard,completed,70,72,76,218,72.66666666666667,1.0285714138775512,1.0857142702040818
male,group B,associate's degree,standard,completed,82,84,78,244,81.33333333333333,1.0243902314098752,0.9512195005948841
male,group E,associate's degree,free/reduced,none,90,90,82,262,87.33333333333333,0.9999999888888891,0.9111111009876545
female,group C,bachelor's degree,free/reduced,none,43,62,61,166,55.333333333333336,1.4418604315846413,1.4186046181719858
male,group C,some college,free/reduced,none,80,64,66,210,70.0,0.7999999900000001,0.8249999896875001
male,group D,some college,standard,none,81,82,84,247,82.33333333333333,1.012345666514251,1.037037024234111
male,group C,some high school,standard,none,57,61,54,172,57.333333333333336,1.070175419821484,0.9473684044321333
female,group D,some high school,standard,none,59,72,80,211,70.33333333333333,1.2203389623671363,1.3559321804079292
female,group D,associate's degree,standard,none,64,76,74,214,71.33333333333333,1.1874999814453129,1.156249981933594
male,group C,bachelor's degree,standard,completed,63,64,66,193,64.33333333333333,1.0158729997480476,1.047619030990174
female,group E,bachelor's degree,standard,completed,71,70,70,211,70.33333333333333,0.985915479071613,0.985915479071613
female,group B,high school,free/reduced,none,64,73,71,208,69.33333333333333,1.1406249821777348,1.109374982666016
male,group D,bachelor's degree,free/reduced,none,55,46,44,145,48.333333333333336,0.8363636211570251,0.7999999854545458
female,group E,associate's degree,standard,none,51,51,54,156,52.0,0.9999999803921573,1.0588235086505196
female,group C,associate's degree,standard,completed,62,76,80,218,72.66666666666667,1.2258064318418318,1.290322559833507
female,group E,associate's degree,standard,completed,93,100,95,288,96.0,1.075268805642271,1.0215053653601573
male,group C,high school,free/reduced,none,54,72,59,185,61.666666666666664,1.3333333086419759,1.0925925723593968
female,group D,some college,free/reduced,none,69,65,74,208,69.33333333333333,0.9420289718546526,1.0724637525729892
male,group D,high school,free/reduced,none,44,51,48,143,47.666666666666664,1.1590908827479345,1.090909066115703
female,group E,some college,standard,completed,86,85,91,262,87.33333333333333,0.9883720815305572,1.058139522579773
female,group E,associate's degree,standard,none,85,92,85,262,87.33333333333333,1.0823529284429068,0.9999999882352942
female,group A,master's degree,free/reduced,none,50,67,73,190,63.333333333333336,1.3399999732000005,1.4599999708000007
male,group D,some high school,standard,completed,88,74,75,237,79.0,0.8409090813533059,0.8522727175878101
female,group E,associate's degree,standard,none,59,62,69,190,63.333333333333336,1.0508474398161451,1.169491505601839
female,group E,some high school,free/reduced,none,32,34,38,104,34.666666666666664,1.0624999667968762,1.1874999628906262
male,group B,high school,free/reduced,none,36,29,27,92,30.666666666666668,0.8055555331790131,0.7499999791666673
female,group B,some high school,free/reduced,completed,63,78,79,220,73.33333333333333,1.238095218442933,1.2539682340639964
male,group D,associate's degree,standard,completed,67,54,63,184,61.333333333333336,0.8059701372243263,0.9402984934283807
female,group D,some high school,standard,completed,65,78,82,225,75.0,1.1999999815384619,1.2615384421301779
male,group D,master's degree,standard,none,85,84,89,258,86.0,0.9882352824913496,1.0470588112110728
female,group C,master's degree,standard,none,73,78,74,225,75.0,1.0684931360480392,1.013698616250704
female,group A,high school,free/reduced,completed,34,48,41,123,41.0,1.411764664359863,1.2058823174740496
female,group D,bachelor's degree,free/reduced,completed,93,100,100,293,97.66666666666667,1.075268805642271,1.075268805642271
female,group D,some high school,free/reduced,none,67,84,84,235,78.33333333333333,1.2537313245711743,1.2537313245711743
male,group D,some college,standard,none,88,77,77,242,80.66666666666667,0.8749999900568183,0.8749999900568183
male,group B,high school,standard,none,57,48,51,156,52.0,0.8421052483841185,0.8947368264081259
female,group D,some college,standard,completed,79,84,91,254,84.66666666666667,1.063291125781125,1.1518987195962187
female,group C,bachelor's degree,free/reduced,none,67,75,72,214,71.33333333333333,1.1194029683671198,1.0746268496324352
male,group E,bachelor's degree,standard,completed,70,64,70,204,68.0,0.91428570122449,0.9999999857142859
male,group D,bachelor's degree,free/reduced,none,50,42,48,140,46.666666666666664,0.8399999832000004,0.9599999808000005
female,group A,some college,standard,none,69,84,82,235,78.33333333333333,1.217391286704474,1.188405779878177
female,group C,bachelor's degree,standard,completed,52,61,66,179,59.666666666666664,1.173076900517752,1.2692307448224858
female,group C,bachelor's degree,free/reduced,completed,47,62,66,175,58.333333333333336,1.3191489081032148,1.4042552892711642
female,group B,associate's degree,free/reduced,none,46,61,55,162,54.0,1.3260869276937626,1.1956521479206055
female,group E,some college,standard,none,68,70,66,204,68.0,1.0294117495674744,0.9705882210207615
male,group E,bachelor's degree,standard,completed,100,100,100,300,100.0,0.9999999900000002,0.9999999900000002
female,group C,high school,standard,none,44,61,52,157,52.333333333333336,1.3863636048553727,1.1818181549586784
female,group C,associate's degree,standard,completed,57,77,80,214,71.33333333333333,1.3508771692828567,1.4035087473068641
male,group B,some college,standard,completed,91,96,91,278,92.66666666666667,1.0549450433522523,0.9999999890109892
male,group D,high school,free/reduced,none,69,70,67,206,68.66666666666667,1.014492738920395,0.9710144786809496
female,group C,high school,free/reduced,none,35,53,46,134,44.666666666666664,1.5142856710204096,1.314285676734695
male,group D,high school,standard,none,72,66,66,204,68.0,0.9166666539351854,0.9166666539351854
female,group B,associate's degree,free/reduced,none,54,65,65,184,61.333333333333336,1.2037036814128947,1.2037036814128947
male,group D,high school,free/reduced,none,74,70,69,213,71.0,0.9459459331628929,0.9324324198319943
male,group E,some high school,standard,completed,74,64,60,198,66.0,0.8648648531775021,0.8108107998539081
male,group E,associate's degree,free/reduced,none,64,56,52,172,57.333333333333336,0.8749999863281253,0.8124999873046878
female,group D,high school,free/reduced,completed,65,61,71,197,65.66666666666667,0.9384615240236689,1.0923076755029588
male,group E,associate's degree,free/reduced,completed,46,43,44,133,44.333333333333336,0.9347825883742916,0.9565217183364845
female,group C,some high school,free/reduced,none,48,56,51,155,51.666666666666664,1.1666666423611116,1.0624999778645838
male,group C,some college,free/reduced,completed,67,74,70,211,70.33333333333333,1.1044775954555583,1.044776103809312
male,group D,some college,free/reduced,none,62,57,62,181,60.333333333333336,0.9193548238813738,0.999999983870968
male,group D,associate's degree,free/reduced,completed,61,71,73,205,68.33333333333333,1.1639344071486164,1.196721291857028
male,group C,bachelor's degree,free/reduced,completed,70,75,74,219,73.0,1.0714285561224492,1.0571428420408167
male,group C,associate's degree,standard,completed,98,87,90,275,91.66666666666667,0.8877550929820909,0.9183673375676803
male,group D,some college,free/reduced,none,70,63,58,191,63.666666666666664,0.8999999871428573,0.828571416734694
male,group A,associate's degree,standard,none,67,57,53,177,59.0,0.8507462559590111,0.7910447643127647
female,group E,high school,free/reduced,none,57,58,57,172,57.333333333333336,1.0175438417974765,0.9999999824561407
male,group D,some college,standard,completed,85,81,85,251,83.66666666666667,0.9529411652595158,0.9999999882352942
male,group D,some high school,standard,completed,77,68,69,214,71.33333333333333,0.8831168716478328,0.8961038844661834
male,group C,master's degree,free/reduced,completed,72,66,72,210,70.0,0.9166666539351854,0.9999999861111113
female,group D,master's degree,standard,none,78,91,96,265,88.33333333333333,1.166666651709402,1.2307692149901384
male,group C,high school,standard,none,81,66,64,211,70.33333333333333,0.8148148047553728,0.7901234470355131
male,group A,some high school,free/reduced,completed,61,62,61,184,61.333333333333336,1.0163934259607637,0.9999999836065577
female,group B,high school,standard,none,58,68,61,187,62.333333333333336,1.1724137728894177,1.05172411979786
female,group C,associate's degree,standard,none,54,61,58,173,57.666666666666664,1.1296296087105628,1.0740740541838139
male,group B,high school,standard,none,82,82,80,244,81.33333333333333,0.9999999878048782,0.9756097441998812
female,group D,some college,free/reduced,none,49,58,60,167,55.666666666666664,1.1836734452311541,1.2244897709287803
male,group B,some high school,free/reduced,completed,49,50,52,151,50.333333333333336,1.0204081424406501,1.0612244681382763
female,group E,high school,free/reduced,completed,57,75,73,205,68.33333333333333,1.315789450600185,1.2807017319175136
male,group E,high school,standard,none,94,73,71,238,79.33333333333333,0.7765957364191943,0.7553191409008603
female,group D,some college,standard,completed,75,77,83,235,78.33333333333333,1.026666652977778,1.1066666519111112
female,group E,some high school,free/reduced,none,74,74,72,220,73.33333333333333,0.9999999864864867,0.9729729598246898
male,group C,high school,standard,completed,58,52,54,164,54.666666666666664,0.896551708680143,0.9310344667063023
female,group C,some college,standard,none,62,69,69,200,66.66666666666667,1.1129032078563998,1.1129032078563998
male,group E,associate's degree,standard,none,72,57,62,191,63.666666666666664,0.7916666556712965,0.8611110991512347
male,group C,some college,standard,none,84,87,81,252,84.0,1.0357142733843538,0.9642857028061226
female,group D,master's degree,standard,none,92,100,100,292,97.33333333333333,1.0869565099243859,1.0869565099243859
female,group D,high school,standard,none,45,63,59,167,55.666666666666664,1.3999999688888896,1.3111110819753093
male,group C,high school,standard,none,75,81,71,227,75.66666666666667,1.0799999856000002,0.9466666540444446
female,group A,some college,standard,none,56,58,64,178,59.333333333333336,1.0357142672193882,1.14285712244898
female,group D,some high school,free/reduced,none,48,54,53,155,51.666666666666664,1.1249999765625005,1.104166643663195
female,group E,associate's degree,standard,none,100,100,100,300,100.0,0.9999999900000002,0.9999999900000002
female,group C,some high school,free/reduced,completed,65,76,75,216,72.0,1.169230751242604,1.1538461360946748
male,group D,some college,standard,none,72,57,58,187,62.333333333333336,0.7916666556712965,0.8055555443672842
female,group D,some college,standard,none,62,70,72,204,68.0,1.1290322398543187,1.1612903038501565
male,group A,some high school,standard,completed,66,68,64,198,66.0,1.0303030146923786,0.9696969550045916
male,group C,some college,standard,none,63,63,60,186,62.0,0.9999999841269844,0.9523809372637947
female,group E,associate's degree,standard,none,68,76,67,211,70.33333333333333,1.1176470423875435,0.9852941031574397
female,group B,bachelor's degree,standard,none,75,84,80,239,79.66666666666667,1.1199999850666669,1.0666666524444446
female,group D,bachelor's degree,standard,none,89,100,100,289,96.33333333333333,1.1235954929933092,1.1235954929933092
male,group C,some high school,standard,completed,78,72,69,219,73.0,0.9230769112426037,0.884615373274162
female,group A,high school,free/reduced,completed,53,50,60,163,54.333333333333336,0.9433962086151659,1.1320754503381991
female,group D,some college,free/reduced,none,49,65,61,175,58.333333333333336,1.3265305851728453,1.2448979337775932
female,group A,some college,standard,none,54,63,67,184,61.333333333333336,1.166666645061729,1.2407407177640608
female,group C,some college,standard,completed,64,82,77,223,74.33333333333333,1.281249979980469,1.2031249812011722
male,group B,some college,free/reduced,completed,60,62,60,182,60.666666666666664,1.0333333161111113,0.9999999833333336
male,group C,associate's degree,standard,none,62,65,58,185,61.666666666666664,1.0483870798647246,0.9354838558792927
male,group D,high school,standard,completed,55,41,48,144,48.0,0.7454545319008268,0.8727272568595045
female,group C,associate's degree,standard,none,91,95,94,280,93.33333333333333,1.0439560324839996,1.032967021615747
female,group B,high school,free/reduced,none,8,24,23,55,18.333333333333332,2.999999625000047,2.8749996406250453
male,group D,some high school,standard,none,81,78,78,237,79.0,0.9629629510745314,0.9629629510745314
male,group B,some high school,standard,completed,79,85,86,250,83.33333333333333,1.0759493534689955,1.088607581156866
female,group A,some college,standard,completed,78,87,91,256,85.33333333333333,1.1153846010848127,1.166666651709402
female,group C,some high school,standard,none,74,75,82,231,77.0,1.0135134998173851,1.1081080931336744
male,group A,high school,standard,none,57,51,54,162,54.0,0.8947368264081259,0.9473684044321333
female,group C,associate's degree,standard,none,40,59,51,150,50.0,1.474999963125001,1.2749999681250008
male,group E,some high school,standard,completed,81,75,76,232,77.33333333333333,0.9259259144947418,0.9382715933546717
female,group A,some high school,free/reduced,none,44,45,45,134,44.666666666666664,1.0227272494834716,1.0227272494834716
female,group D,some college,free/reduced,completed,67,86,83,236,78.66666666666667,1.2835820703942975,1.2388059516596126
male,group E,high school,free/reduced,completed,86,81,75,242,80.66666666666667,0.9418604541644133,0.8720930131151976
female,group B,some high school,standard,completed,65,82,78,225,75.0,1.2615384421301779,1.1999999815384619
female,group D,associate's degree,free/reduced,none,55,76,76,207,69.0,1.3818181566942154,1.3818181566942154
female,group D,bachelor's degree,free/reduced,none,62,72,74,208,69.33333333333333,1.1612903038501565,1.1935483678459942
male,group A,high school,standard,none,63,63,62,188,62.666666666666664,0.9999999841269844,0.9841269685059212
female,group E,master's degree,standard,completed,88,99,95,282,94.0,1.1249999872159093,1.0795454422778927
male,group C,high school,free/reduced,none,62,55,55,172,57.333333333333336,0.8870967598855362,0.8870967598855362
female,group C,high school,free/reduced,completed,59,71,65,195,65.0,1.2033898101120373,1.1016948965814424
female,group D,some college,standard,completed,68,78,77,223,74.33333333333333,1.1470588066609,1.1323529245242216
female,group D,some college,free/reduced,none,77,86,86,249,83.0,1.1168831023781416,1.1168831023781416
